guid,Edital,TCU,Consulta Pública,Estudos,Situação do Contrato,Data do Contrato,Data Início Licitação,Data Fim Licitação,Status Fase Licitação,Status Consulta Pública,Status Estudos,Data Início Consulta Pública,Questões Chaves,Data Fim Controle Externo,Status,Data Início Controle Externo,Próximas Etapas,Data Fim Estudos,Data Fim Consulta Pública,Status Controle Externo,Status Aviso Licitação,Data Publicação Aviso Licitação,Data Início Estudos
fbf64536-0ab5-49bd-8d69-d9d1dc145c7a,Sem dados,Sem dados,Sem dados,Sem dados,Sem dados,Sem dados,Sem dados,Sem dados,Sem dados,Sem dados,Sem dados,Sem dados,Sem dados,Sem dados,Sem dados,Sem dados,Sem dados,Sem dados,Sem dados,Sem dados,Sem dados,Sem dados,Sem dados
d9463ed7-caf9-44cf-812f-f9be35dfa3d2,Sem dados,Sem dados,Sem dados,Sem dados,Sem dados,Sem dados,Sem dados,Sem dados,Sem dados,Sem dados,Sem dados,Sem dados,Sem dados,Sem dados,Sem dados,Sem dados,Sem dados,Sem dados,Sem dados,Sem dados,Sem dados,Sem dados,Sem dados
e2f2d536-8b26-4c34-ba6d-0d4e8993af3e,Erro HTTP 500,Erro HTTP 500,Erro HTTP 500,Erro HTTP 500,Sem dados,Sem dados,Sem dados,Sem dados,Erro HTTP 500,Erro HTTP 500,Erro HTTP 500,Sem dados,Sem dados,Sem dados,Sem dados,Sem dados,Sem dados,Sem dados,Sem dados,Erro HTTP 500,Erro HTTP 500,Sem dados,Sem dados
e7ea53ca-5a51-4387-9719-c02f84feafd2,Sem dados,Sem dados,Sem dados,Sem dados,Sem dados,Sem dados,Sem dados,Sem dados,Sem dados,Sem dados,Sem dados,Sem dados,Sem dados,Sem dados,Sem dados,Sem dados,Sem dados,Sem dados,Sem dados,Sem dados,Sem dados,Sem dados,Sem dados
a16279f3-1118-49bf-87ac-203e9d49d4fe,Sem dados,Sem dados,Sem dados,Sem dados,Sem dados,Sem dados,Sem dados,Sem dados,Sem dados,Sem dados,Sem dados,Sem dados,Sem dados,Sem dados,Sem dados,Sem dados,Sem dados,Sem dados,Sem dados,Sem dados,Sem dados,Sem dados,Sem dados
344d2b96-3348-41d9-a477-64ca11b44b2b,Sem dados,Sem dados,Sem dados,Sem dados,Sem dados,Sem dados,Sem dados,Sem dados,Sem dados,Sem dados,Sem dados,Sem dados,Sem dados,Sem dados,Sem dados,Sem dados,Sem dados,Sem dados,Sem dados,Sem dados,Sem dados,Sem dados,Sem dados
5731cec4-2028-4351-8f6c-23301ef6ba4b,Sem dados,Sem dados,Sem dados,Sem dados,Sem dados,Sem dados,Sem dados,Sem dados,Sem dados,Sem dados,Sem dados,Sem dados,Sem dados,Sem dados,Sem dados,Sem dados,Sem dados,Sem dados,Sem dados,Sem dados,Sem dados,Sem dados,Sem dados
7f98f52b-0417-4a84-a60b-23104b8352e1,Sem dados,Sem dados,Sem dados,Sem dados,Sem dados,Sem dados,Sem dados,Sem dados,Sem dados,Sem dados,Sem dados,Sem dados,Sem dados,Sem dados,Sem dados,Sem dados,Sem dados,Sem dados,Sem dados,Sem dados,Sem dados,Sem dados,Sem dados
3d228904-a18a-4f94-b5ef-710a2df6bcc2,Erro HTTP 500,Erro HTTP 500,Erro HTTP 500,Erro HTTP 500,Sem dados,Sem dados,Sem dados,Sem dados,Erro HTTP 500,Erro HTTP 500,Erro HTTP 500,Sem dados,Sem dados,Sem dados,Sem dados,Sem dados,Sem dados,Sem dados,Sem dados,Erro HTTP 500,Erro HTTP 500,Sem dados,Sem dados
8d2bfbb1-1ab5-43ec-bcb4-8b45c530455d,Sem dados,Sem dados,Sem dados,Sem dados,Sem dados,Sem dados,Sem dados,Sem dados,Sem dados,Sem dados,Sem dados,Sem dados,Sem dados,Sem dados,Sem dados,Sem dados,Sem dados,Sem dados,Sem dados,Sem dados,Sem dados,Sem dados,Sem dados
33839d16-e8d5-4953-9106-6807bf9fb0f7,Sem dados,Sem dados,Sem dados,Sem dados,Sem dados,Sem dados,Sem dados,Sem dados,Sem dados,Sem dados,Sem dados,Sem dados,Sem dados,Sem dados,Sem dados,Sem dados,Sem dados,Sem dados,Sem dados,Sem dados,Sem dados,Sem dados,Sem dados
90f37771-7341-47d3-afa5-a9816ba34054,Sem dados,Sem dados,Sem dados,Sem dados,Sem dados,Sem dados,Sem dados,Sem dados,Sem dados,Sem dados,Sem dados,Sem dados,Sem dados,Sem dados,Sem dados,Sem dados,Sem dados,Sem dados,Sem dados,Sem dados,Sem dados,Sem dados,Sem dados
f2811aa8-a620-4d91-bb8f-8ed1481a9a94,Sem dados,Sem dados,Sem dados,Sem dados,Sem dados,Sem dados,Sem dados,Sem dados,Sem dados,Sem dados,Sem dados,Sem dados,Sem dados,Sem dados,Sem dados,Sem dados,Sem dados,Sem dados,Sem dados,Sem dados,Sem dados,Sem dados,Sem dados
ecd74fa2-d64d-42ca-bb9a-a6dbe4dbfef5,Sem dados,Sem dados,Sem dados,Sem dados,Sem dados,Sem dados,Sem dados,Sem dados,Sem dados,Sem dados,Sem dados,Sem dados,Sem dados,Sem dados,Sem dados,Sem dados,Sem dados,Sem dados,Sem dados,Sem dados,Sem dados,Sem dados,Sem dados
354cb321-88dd-49bc-9fb6-6afb08ccb261,Sem dados,Sem dados,Sem dados,Sem dados,Sem dados,Sem dados,Sem dados,Sem dados,Sem dados,Sem dados,Sem dados,Sem dados,Sem dados,Sem dados,Sem dados,Sem dados,Sem dados,Sem dados,Sem dados,Sem dados,Sem dados,Sem dados,Sem dados
bdd8bd47-218f-445f-a795-72eefc900b3c,Sem dados,Sem dados,Sem dados,Sem dados,Sem dados,Sem dados,Sem dados,Sem dados,Sem dados,Sem dados,Sem dados,Sem dados,Sem dados,Sem dados,Sem dados,Sem dados,Sem dados,Sem dados,Sem dados,Sem dados,Sem dados,Sem dados,Sem dados
022ea245-c8f4-440a-9a1b-2aa0e2f523fd,Erro HTTP 500,Erro HTTP 500,Erro HTTP 500,Erro HTTP 500,Sem dados,Sem dados,Sem dados,Sem dados,Erro HTTP 500,Erro HTTP 500,Erro HTTP 500,Sem dados,Sem dados,Sem dados,Sem dados,Sem dados,Sem dados,Sem dados,Sem dados,Erro HTTP 500,Erro HTTP 500,Sem dados,Sem dados
705bc6a1-682d-44ad-bfd2-3a8260687487,Sem dados,Sem dados,Sem dados,Sem dados,Sem dados,Sem dados,Sem dados,Sem dados,Sem dados,Sem dados,Sem dados,Sem dados,Sem dados,Sem dados,Sem dados,Sem dados,Sem dados,Sem dados,Sem dados,Sem dados,Sem dados,Sem dados,Sem dados
c5dd423a-0cfd-4e36-8fd9-03bb18dc250e,Sem dados,Sem dados,Sem dados,Sem dados,Erro HTTP 500,Sem dados,Sem dados,Sem dados,Sem dados,Sem dados,Sem dados,Sem dados,Sem dados,Sem dados,Sem dados,Sem dados,Sem dados,Sem dados,Sem dados,Sem dados,Sem dados,Sem dados,Sem dados
83410882-d8f2-4f75-a3ef-1d260041f508,Sem dados,Sem dados,Sem dados,Sem dados,Erro HTTP 500,Sem dados,Sem dados,Sem dados,Sem dados,Sem dados,Sem dados,Sem dados,Sem dados,Sem dados,Sem dados,Sem dados,Sem dados,Sem dados,Sem dados,Erro HTTP 500,Sem dados,Sem dados,Sem dados
ad90c00e-f42d-4417-b3ee-eba9b77c326a,Erro HTTP 500,Erro HTTP 500,Erro HTTP 500,Erro HTTP 500,Erro HTTP 500,Sem dados,Sem dados,Sem dados,Erro HTTP 500,Erro HTTP 500,Erro HTTP 500,Sem dados,Sem dados,Sem dados,Sem dados,Sem dados,Sem dados,Sem dados,Sem dados,Sem dados,Erro HTTP 500,Sem dados,Sem dados
56e91a40-09ed-4e76-84f8-6ad7119a3ba5,Sem dados,Sem dados,Sem dados,Sem dados,Sem dados,Sem dados,Sem dados,Sem dados,Sem dados,Sem dados,Sem dados,Sem dados,Sem dados,Sem dados,Sem dados,Sem dados,Sem dados,Sem dados,Sem dados,Sem dados,Sem dados,Sem dados,Sem dados
8d191d82-7d1e-47d9-9f25-a580984292ad,Sem dados,Sem dados,Sem dados,Sem dados,Erro HTTP 500,Sem dados,Sem dados,Sem dados,Sem dados,Sem dados,Sem dados,Sem dados,Sem dados,Sem dados,Sem dados,Sem dados,Sem dados,Sem dados,Sem dados,Erro HTTP 500,Sem dados,Sem dados,Sem dados
1244649e-5a92-4d13-b21f-cea81fc2a75f,Sem dados,Sem dados,Sem dados,Sem dados,Erro HTTP 500,Sem dados,Sem dados,Sem dados,Sem dados,Sem dados,Sem dados,Sem dados,Sem dados,Sem dados,Sem dados,Sem dados,Sem dados,Sem dados,Sem dados,Sem dados,Sem dados,Sem dados,Sem dados
de84ed77-2133-411e-8a18-7c647c0e999d,Sem dados,Sem dados,Sem dados,Sem dados,Sem dados,Sem dados,Sem dados,Sem dados,Sem dados,Sem dados,Sem dados,Sem dados,Sem dados,Sem dados,Sem dados,Sem dados,Sem dados,Sem dados,Sem dados,Sem dados,Sem dados,Sem dados,Sem dados
95ba3705-8488-460a-a02a-7f408dba33a3,Sem dados,Sem dados,Sem dados,Sem dados,Sem dados,Sem dados,Sem dados,Sem dados,Sem dados,Sem dados,Sem dados,Sem dados,Sem dados,Sem dados,Sem dados,Sem dados,Sem dados,Sem dados,Sem dados,Sem dados,Sem dados,Sem dados,Sem dados
453744dc-0465-4c51-b331-1d441f71c87e,Sem dados,Sem dados,Sem dados,Sem dados,Sem dados,Sem dados,Sem dados,Sem dados,Sem dados,Sem dados,Sem dados,Sem dados,Sem dados,Sem dados,Sem dados,Sem dados,Sem dados,Sem dados,Sem dados,Sem dados,Sem dados,Sem dados,Sem dados
17e819cb-1962-4905-8306-c57ba90b182a,Sem dados,Sem dados,Sem dados,Sem dados,Sem dados,Sem dados,Sem dados,Sem dados,Sem dados,Sem dados,Sem dados,Sem dados,Sem dados,Sem dados,Sem dados,Sem dados,Sem dados,Sem dados,Sem dados,Sem dados,Sem dados,Sem dados,Sem dados
c9b9363d-d6c8-4e33-8d4b-3f27312a0f37,Sem dados,Sem dados,Sem dados,Sem dados,Erro HTTP 500,Sem dados,Sem dados,Sem dados,Sem dados,Sem dados,Sem dados,Sem dados,Sem dados,Sem dados,Sem dados,Sem dados,Sem dados,Sem dados,Sem dados,Sem dados,Sem dados,Sem dados,Sem dados
73cfd5fb-20f9-43a9-b39f-89be0ea9caa5,Sem dados,Sem dados,Sem dados,Sem dados,Sem dados,Sem dados,Sem dados,Sem dados,Sem dados,Sem dados,Sem dados,Sem dados,Sem dados,Sem dados,Sem dados,Sem dados,Sem dados,Sem dados,Sem dados,Erro HTTP 500,Sem dados,Sem dados,Sem dados
7d8495bd-6f12-4ecd-bb15-eac57721af9f,Sem dados,Sem dados,Sem dados,Sem dados,Sem dados,Sem dados,Sem dados,Sem dados,Sem dados,Sem dados,Sem dados,Sem dados,Sem dados,Sem dados,Sem dados,Sem dados,Sem dados,Sem dados,Sem dados,Sem dados,Sem dados,Sem dados,Sem dados
743c3dec-0596-4049-972b-7ad1e0fb5850,Sem dados,Sem dados,Sem dados,Sem dados,Erro HTTP 500,Sem dados,Sem dados,Sem dados,Sem dados,Sem dados,Sem dados,Sem dados,Sem dados,Sem dados,Sem dados,Sem dados,Sem dados,Sem dados,Sem dados,Erro HTTP 500,Sem dados,Sem dados,Sem dados
03175202-1983-4ce9-9425-f8271bf2e138,Sem dados,Sem dados,Sem dados,Sem dados,Sem dados,Sem dados,Sem dados,Sem dados,Sem dados,Sem dados,Sem dados,Sem dados,Sem dados,Sem dados,Sem dados,Sem dados,Sem dados,Sem dados,Sem dados,Sem dados,Sem dados,Sem dados,Sem dados
4ec9c8f4-6447-4d18-ac99-ff137740a60c,Sem dados,Sem dados,Sem dados,Erro HTTP 500,Erro HTTP 500,Sem dados,Sem dados,Sem dados,Sem dados,Sem dados,Erro HTTP 500,Sem dados,Sem dados,Sem dados,Sem dados,Sem dados,Sem dados,Sem dados,Sem dados,Sem dados,Sem dados,Sem dados,Sem dados
7a4da49f-e374-4f2a-b3e0-27af466e1cf9,Sem dados,Sem dados,Sem dados,Sem dados,Sem dados,Sem dados,Sem dados,Sem dados,Sem dados,Sem dados,Sem dados,Sem dados,Sem dados,Sem dados,Sem dados,Sem dados,Sem dados,Sem dados,Sem dados,Sem dados,Sem dados,Sem dados,Sem dados
52941c04-f840-4517-934d-d12418bf4cd2,Sem dados,Sem dados,Sem dados,Sem dados,Sem dados,Sem dados,Sem dados,Sem dados,Sem dados,Sem dados,Sem dados,Sem dados,Sem dados,Sem dados,Sem dados,Sem dados,Sem dados,Sem dados,Sem dados,Sem dados,Sem dados,Sem dados,Sem dados
01fb8247-91ec-4631-bf1f-3da9fa6822d6,Erro HTTP 500,Erro HTTP 500,Sem dados,Sem dados,Erro HTTP 500,Sem dados,Sem dados,Sem dados,Erro HTTP 500,Sem dados,Sem dados,Sem dados,Sem dados,Sem dados,Sem dados,Sem dados,Sem dados,Sem dados,Sem dados,Erro HTTP 500,Erro HTTP 500,Sem dados,Sem dados
a93af4fb-d039-4fad-9454-cb0aabe6b5b8,Sem dados,Sem dados,Sem dados,Sem dados,Erro HTTP 500,Sem dados,Sem dados,Sem dados,Sem dados,Sem dados,Sem dados,Sem dados,Sem dados,Sem dados,Sem dados,Sem dados,Sem dados,Sem dados,Sem dados,Sem dados,Sem dados,Sem dados,Sem dados
a7317046-c49d-4e61-835b-2f23dded1972,Sem dados,Sem dados,Sem dados,Sem dados,Erro HTTP 500,Sem dados,Sem dados,Sem dados,Sem dados,Sem dados,Sem dados,Sem dados,Sem dados,Sem dados,Sem dados,Sem dados,Sem dados,Sem dados,Sem dados,Sem dados,Sem dados,Sem dados,Sem dados
55d8c9d7-c8ea-4140-8e03-0fb8486ca603,Sem dados,Sem dados,Sem dados,Sem dados,Sem dados,Sem dados,Sem dados,Sem dados,Sem dados,Sem dados,Sem dados,Sem dados,Sem dados,Sem dados,Sem dados,Sem dados,Sem dados,Sem dados,Sem dados,Sem dados,Sem dados,Sem dados,Sem dados
8b14d8de-328d-42a2-873c-3d40b1691fb8,Sem dados,Sem dados,Sem dados,Sem dados,Sem dados,Sem dados,Sem dados,Sem dados,Sem dados,Sem dados,Sem dados,Sem dados,Sem dados,Sem dados,Sem dados,Sem dados,Erro: ReadTimeout,Erro HTTP 500,Erro: ReadTimeout,Erro: ReadTimeout,Erro: ReadTimeout,Erro: ReadTimeout,Erro: ReadTimeout
e3ddb823-bab9-4a3d-92db-a9729c694a30,Sem dados,Sem dados,Sem dados,Sem dados,Sem dados,Sem dados,Sem dados,Sem dados,Sem dados,Sem dados,Sem dados,Sem dados,Sem dados,Sem dados,Sem dados,Sem dados,Erro: ReadTimeout,Erro: ReadTimeout,Erro HTTP 500,Erro HTTP 500,Erro: ReadTimeout,Erro: ReadTimeout,Erro: ReadTimeout
b17b954e-52d0-4f06-8865-4f18855bac72,Sem dados,Sem dados,Sem dados,Sem dados,Sem dados,Sem dados,Sem dados,Sem dados,Sem dados,Sem dados,Sem dados,Sem dados,Sem dados,Sem dados,Sem dados,Sem dados,Erro: ReadTimeout,Erro HTTP 500,Erro: ReadTimeout,Erro: ReadTimeout,Erro: ReadTimeout,Erro: ReadTimeout,Erro: ReadTimeout
68cd547a-9395-4439-a85b-27e0e21c58c4,Sem dados,Sem dados,Sem dados,Sem dados,Sem dados,Sem dados,Sem dados,Sem dados,Sem dados,Sem dados,Sem dados,Sem dados,Sem dados,Sem dados,Sem dados,Erro: ReadTimeout,Erro: ReadTimeout,Erro: ReadTimeout,Erro: ReadTimeout,Erro: ReadTimeout,Erro: ReadTimeout,Erro: ReadTimeout,Erro: ReadTimeout
b3ee4629-b976-4d12-af02-593245102cf7,Sem dados,Erro HTTP 500,Sem dados,Sem dados,Erro HTTP 500,Sem dados,Sem dados,Sem dados,Sem dados,Sem dados,Sem dados,Sem dados,Sem dados,Sem dados,Sem dados,Erro: ReadTimeout,Erro: ReadTimeout,Erro: ReadTimeout,Erro: ReadTimeout,Erro: ReadTimeout,Erro: ReadTimeout,Erro: ReadTimeout,Erro: ReadTimeout
ab80c9e8-07f2-46ea-92d0-e32fda3ab48e,Sem dados,Sem dados,Sem dados,Sem dados,Sem dados,Sem dados,Sem dados,Sem dados,Sem dados,Sem dados,Sem dados,Sem dados,Sem dados,Sem dados,Erro HTTP 500,Erro: ReadTimeout,Erro: ReadTimeout,Erro: ReadTimeout,Erro: ReadTimeout,Erro: ReadTimeout,Erro: ReadTimeout,Erro: ReadTimeout,Erro: ReadTimeout
8adf1926-f1f9-493a-b03b-378bd86f260f,Sem dados,Sem dados,Sem dados,Sem dados,Sem dados,Sem dados,Sem dados,Sem dados,Sem dados,Sem dados,Sem dados,Sem dados,Erro: ReadTimeout,Sem dados,Erro HTTP 500,Sem dados,Erro: ReadTimeout,Erro: ReadTimeout,Erro: ReadTimeout,Erro: ReadTimeout,Erro: ReadTimeout,Erro: ReadTimeout,Erro: ReadTimeout
c33de432-98e8-415a-8920-c714218836cb,Sem dados,Sem dados,Sem dados,Sem dados,Erro HTTP 500,Sem dados,Sem dados,Sem dados,Sem dados,Sem dados,Sem dados,Sem dados,Erro: ReadTimeout,Sem dados,Erro: ReadTimeout,Erro: ReadTimeout,Erro: ReadTimeout,Erro: ReadTimeout,Erro: ReadTimeout,Erro: ReadTimeout,Erro: ReadTimeout,Erro: ReadTimeout,Erro: ReadTimeout
715eae06-4ef0-488f-acc4-7e0ba1e1df67,Sem dados,Sem dados,Sem dados,Sem dados,Sem dados,Sem dados,Sem dados,Sem dados,Sem dados,Sem dados,Sem dados,Sem dados,Erro: ReadTimeout,Sem dados,Erro HTTP 500,Erro: ReadTimeout,Erro: ReadTimeout,Erro: ReadTimeout,Erro: ReadTimeout,Erro: ReadTimeout,Erro: ReadTimeout,Erro: ReadTimeout,Erro: ReadTimeout
956ec97e-db52-4ce3-8af9-6a602bb16fdc,Sem dados,Sem dados,Sem dados,Sem dados,Erro HTTP 500,Sem dados,Sem dados,Sem dados,Sem dados,Sem dados,Sem dados,Sem dados,Erro: ReadTimeout,Sem dados,Erro: ReadTimeout,Erro: ReadTimeout,Erro: ReadTimeout,Erro: ReadTimeout,Erro: ReadTimeout,Erro: ReadTimeout,Erro: ReadTimeout,Erro: ReadTimeout,Erro: ReadTimeout
8587a771-a713-4b0d-bdaa-594649c26413,Sem dados,Sem dados,Sem dados,Sem dados,Sem dados,Sem dados,Sem dados,Sem dados,Sem dados,Sem dados,Sem dados,Sem dados,Erro: ReadTimeout,Erro HTTP 500,Erro: ReadTimeout,Erro HTTP 500,Erro: ReadTimeout,Erro: ReadTimeout,Erro: ReadTimeout,Erro: ReadTimeout,Erro: ReadTimeout,Erro: ReadTimeout,Erro: ReadTimeout
c5dc668b-99c8-4495-a40e-b95bc49448c1,Sem dados,Sem dados,Erro HTTP 500,Erro HTTP 500,Erro HTTP 500,Sem dados,Sem dados,Sem dados,Sem dados,Erro HTTP 500,Erro HTTP 500,Sem dados,Erro: ReadTimeout,Erro: ReadTimeout,Erro HTTP 500,Erro HTTP 500,Erro: ReadTimeout,Erro: ReadTimeout,Erro: ReadTimeout,Erro: ReadTimeout,Erro: ReadTimeout,Erro: ReadTimeout,Erro: ReadTimeout
9261c511-63fa-40f2-a53b-3fa5bf650eab,Sem dados,Sem dados,Sem dados,Sem dados,Sem dados,Sem dados,Sem dados,Sem dados,Sem dados,Sem dados,Sem dados,Sem dados,Erro: ReadTimeout,Erro: ReadTimeout,Erro: ReadTimeout,Erro: ReadTimeout,Erro: ReadTimeout,Erro: ReadTimeout,Erro: ReadTimeout,Erro: ReadTimeout,Erro: ReadTimeout,Erro: ReadTimeout,Erro: ReadTimeout
dbfad300-3196-4119-8282-6cef42d22fae,Sem dados,Sem dados,Sem dados,Sem dados,Erro HTTP 500,Sem dados,Sem dados,Sem dados,Sem dados,Sem dados,Sem dados,Sem dados,Erro: ReadTimeout,Erro: ReadTimeout,Erro: ReadTimeout,Erro: ReadTimeout,Erro: ReadTimeout,Erro: ReadTimeout,Erro: ReadTimeout,Erro: ReadTimeout,Erro: ReadTimeout,Erro: ReadTimeout,Erro: ReadTimeout
f9a33179-1540-4b88-8282-837a0e2bdb4b,Sem dados,Sem dados,Sem dados,Sem dados,Erro HTTP 500,Sem dados,Sem dados,Sem dados,Sem dados,Sem dados,Sem dados,Sem dados,Erro: ReadTimeout,Erro: ReadTimeout,Erro HTTP 500,Erro: ReadTimeout,Erro: ReadTimeout,Erro: ReadTimeout,Erro: ReadTimeout,Erro: ReadTimeout,Erro: ReadTimeout,Erro: ReadTimeout,Erro: ReadTimeout
47f8bb42-bbe9-4f12-822d-713277736d71,Sem dados,Erro HTTP 500,Sem dados,Sem dados,Erro HTTP 500,Sem dados,Sem dados,Sem dados,Sem dados,Sem dados,Sem dados,Sem dados,Erro: ReadTimeout,Erro: ReadTimeout,Erro HTTP 500,Erro HTTP 500,Erro: ReadTimeout,Erro: ReadTimeout,Erro: ReadTimeout,Erro: ReadTimeout,Erro: ReadTimeout,Erro: ReadTimeout,Erro: ReadTimeout
43cd2f4b-7147-458d-be96-863ad3d35a00,Erro HTTP 500,Sem dados,Sem dados,Sem dados,Sem dados,Sem dados,Sem dados,Sem dados,Erro HTTP 500,Sem dados,Sem dados,Sem dados,Erro: ReadTimeout,Erro: ReadTimeout,Erro: ReadTimeout,Erro: ReadTimeout,Erro: ReadTimeout,Erro: ReadTimeout,Erro: ReadTimeout,Erro: ReadTimeout,Erro: ReadTimeout,Erro: ReadTimeout,Erro: ReadTimeout
be0f9e32-9781-4427-9cbf-4323e661ee13,Sem dados,Sem dados,Sem dados,Sem dados,Erro HTTP 500,Sem dados,Sem dados,Sem dados,Sem dados,Sem dados,Sem dados,Sem dados,Erro: ReadTimeout,Erro: ReadTimeout,Erro: ReadTimeout,Erro: ReadTimeout,Erro: ReadTimeout,Erro: ReadTimeout,Erro: ReadTimeout,Erro: ReadTimeout,Erro: ReadTimeout,Erro: ReadTimeout,Erro: ReadTimeout
758a265e-9adc-482b-a14a-f1a3bd882087,Sem dados,Sem dados,Sem dados,Sem dados,Erro HTTP 500,Sem dados,Sem dados,Sem dados,Sem dados,Sem dados,Sem dados,Sem dados,Erro: ReadTimeout,Erro: ReadTimeout,Erro: ReadTimeout,Erro: ReadTimeout,Erro: ReadTimeout,Erro: ReadTimeout,Erro: ReadTimeout,Erro: ReadTimeout,Erro: ReadTimeout,Erro: ReadTimeout,Erro: ReadTimeout
14f610c7-8be2-4beb-859f-72b12789ca18,Sem dados,Sem dados,Sem dados,Sem dados,Erro HTTP 500,Sem dados,Sem dados,Sem dados,Sem dados,Sem dados,Sem dados,Sem dados,Erro: ReadTimeout,Erro: ReadTimeout,Erro: ReadTimeout,Erro: ReadTimeout,Erro: ReadTimeout,Erro: ReadTimeout,Erro: ReadTimeout,Erro: ReadTimeout,Erro: ReadTimeout,Erro: ReadTimeout,Erro: ReadTimeout
4d24370c-ef9f-4e88-9e39-28c490db2d05,Erro: ReadTimeout,Erro: ReadTimeout,Erro: ReadTimeout,Erro: ReadTimeout,Erro: ReadTimeout,Erro: ReadTimeout,Erro: ReadTimeout,Erro: ReadTimeout,Erro: ReadTimeout,Erro: ReadTimeout,Erro: ReadTimeout,Erro: ReadTimeout,Erro: ReadTimeout,Erro: ReadTimeout,Erro: ReadTimeout,Erro: ReadTimeout,Erro: ReadTimeout,Erro: ReadTimeout,Erro: ReadTimeout,Erro: ReadTimeout,Erro: ReadTimeout,Erro: ReadTimeout,Erro: ReadTimeout
5b502d2f-fdc4-47ff-82ce-1787fa991606,Erro: ReadTimeout,Erro: ReadTimeout,Erro: ReadTimeout,Erro: ReadTimeout,Erro: ReadTimeout,Erro: ReadTimeout,Erro: ReadTimeout,Erro: ReadTimeout,Erro: ReadTimeout,Erro: ReadTimeout,Erro: ReadTimeout,Erro: ReadTimeout,Erro: ReadTimeout,Erro: ReadTimeout,Erro: ReadTimeout,Erro: ReadTimeout,Erro: ReadTimeout,Erro: ReadTimeout,Erro: ReadTimeout,Erro: ReadTimeout,Erro: ReadTimeout,Erro: ReadTimeout,Erro: ReadTimeout
b4bc3470-79d3-410f-b838-aa5cf18f381a,Erro: ReadTimeout,Erro: ReadTimeout,Erro: ReadTimeout,Erro: ReadTimeout,Erro: ReadTimeout,Erro: ReadTimeout,Erro: ReadTimeout,Erro: ReadTimeout,Erro: ReadTimeout,Erro: ReadTimeout,Erro: ReadTimeout,Erro: ReadTimeout,Erro: ReadTimeout,Erro: ReadTimeout,Erro: ReadTimeout,Erro: ReadTimeout,Erro: ReadTimeout,Erro: ReadTimeout,Erro: ReadTimeout,Erro: ReadTimeout,Erro: ReadTimeout,Erro: ReadTimeout,Erro: ReadTimeout
11627d9d-fafa-4874-b565-6b1a7a1c51d8,Erro: ReadTimeout,Erro: ReadTimeout,Erro: ReadTimeout,Erro: ReadTimeout,Erro: ReadTimeout,Erro: ReadTimeout,Erro: ReadTimeout,Erro: ReadTimeout,Erro: ReadTimeout,Erro: ReadTimeout,Erro: ReadTimeout,Erro: ReadTimeout,Erro: ReadTimeout,Erro: ReadTimeout,Erro: ReadTimeout,Erro: ReadTimeout,Erro: ReadTimeout,Erro: ReadTimeout,Erro: ReadTimeout,Erro: ReadTimeout,Erro: ReadTimeout,Erro: ReadTimeout,Erro: ReadTimeout
cf9dc634-599e-4050-96b7-7ecd8d07734b,Erro: ReadTimeout,Erro: ReadTimeout,Erro: ReadTimeout,Erro: ReadTimeout,Erro: ReadTimeout,Erro: ReadTimeout,Erro: ReadTimeout,Erro: ReadTimeout,Erro: ReadTimeout,Erro: ReadTimeout,Erro: ReadTimeout,Erro: ReadTimeout,Erro: ReadTimeout,Erro: ReadTimeout,Erro: ReadTimeout,Erro: ReadTimeout,Erro: ReadTimeout,Erro: ReadTimeout,Erro: ReadTimeout,Erro: ReadTimeout,Erro: ReadTimeout,Erro: ReadTimeout,Erro: ReadTimeout
7f860e6a-2afa-4282-ad24-8df915d656ab,Erro: ReadTimeout,Erro: ReadTimeout,Erro: ReadTimeout,Erro: ReadTimeout,Erro: ReadTimeout,Erro: ReadTimeout,Erro: ReadTimeout,Erro: ReadTimeout,Erro: ReadTimeout,Erro: ReadTimeout,Erro: ReadTimeout,Erro: ReadTimeout,Erro: ReadTimeout,Erro: ReadTimeout,Erro: ReadTimeout,Erro: ReadTimeout,Erro: ReadTimeout,Erro: ReadTimeout,Erro: ReadTimeout,Erro: ReadTimeout,Erro: ReadTimeout,Erro: ReadTimeout,Erro: ReadTimeout
ca14fd28-c4c2-460e-8d2f-9db7d192565f,Erro: ReadTimeout,Erro: ReadTimeout,Erro: ReadTimeout,Erro: ReadTimeout,Erro: ReadTimeout,Erro: ReadTimeout,Erro: ReadTimeout,Erro: ReadTimeout,Erro: ReadTimeout,Erro: ReadTimeout,Erro: ReadTimeout,Erro: ReadTimeout,Erro: ReadTimeout,Erro: ReadTimeout,Erro: ReadTimeout,Erro: ReadTimeout,Erro: ReadTimeout,Erro: ReadTimeout,Erro: ReadTimeout,Erro: ReadTimeout,Erro: ReadTimeout,Erro: ReadTimeout,Erro: ReadTimeout
74c02f8a-2630-4d27-901a-3f097aa9fcc8,Erro: ReadTimeout,Erro: ReadTimeout,Erro: ReadTimeout,Erro: ReadTimeout,Erro: ReadTimeout,Erro: ReadTimeout,Erro: ReadTimeout,Erro: ReadTimeout,Erro: ReadTimeout,Erro: ReadTimeout,Erro: ReadTimeout,Erro: ReadTimeout,Erro: ReadTimeout,Erro: ReadTimeout,Erro: ReadTimeout,Erro: ReadTimeout,Sem dados,Erro: ReadTimeout,Sem dados,Erro HTTP 500,Erro: ReadTimeout,Erro: ReadTimeout,Erro: ReadTimeout
47fe6ece-74b6-4c8b-b835-43286ef737c0,Erro: ReadTimeout,Erro: ReadTimeout,Erro: ReadTimeout,Erro: ReadTimeout,Erro: ReadTimeout,Erro: ReadTimeout,Erro: ReadTimeout,Erro: ReadTimeout,Erro: ReadTimeout,Erro: ReadTimeout,Erro: ReadTimeout,Erro: ReadTimeout,Erro: ReadTimeout,Erro: ReadTimeout,Erro: ReadTimeout,Erro: ReadTimeout,Erro HTTP 500,Erro: ReadTimeout,Erro: ReadTimeout,Erro HTTP 500,Erro: ReadTimeout,Erro: ReadTimeout,Erro: ReadTimeout
03476266-e9a1-4821-8179-8abd15903f7b,Erro: ReadTimeout,Erro: ReadTimeout,Erro: ReadTimeout,Erro: ReadTimeout,Erro: ReadTimeout,Erro: ReadTimeout,Erro: ReadTimeout,Erro: ReadTimeout,Erro: ReadTimeout,Erro: ReadTimeout,Erro: ReadTimeout,Erro: ReadTimeout,Erro: ReadTimeout,Erro: ReadTimeout,Erro: ReadTimeout,Erro: ReadTimeout,Erro: ReadTimeout,Erro HTTP 500,Sem dados,Erro: ReadTimeout,Erro: ReadTimeout,Erro: ReadTimeout,Erro: ReadTimeout
1b99e966-1b88-4bf6-a15a-087846ca2339,Erro: ReadTimeout,Erro: ReadTimeout,Erro: ReadTimeout,Erro: ReadTimeout,Erro: ReadTimeout,Erro: ReadTimeout,Erro: ReadTimeout,Erro: ReadTimeout,Erro: ReadTimeout,Erro: ReadTimeout,Erro: ReadTimeout,Erro: ReadTimeout,Erro: ReadTimeout,Erro: ReadTimeout,Erro: ReadTimeout,Erro: ReadTimeout,Erro: ReadTimeout,Erro: ReadTimeout,Erro: ReadTimeout,Erro: ReadTimeout,Erro: ReadTimeout,Erro: ReadTimeout,Erro: ReadTimeout
d0fe2313-19a2-4a22-be33-08e5166b4403,Erro: ReadTimeout,Erro: ReadTimeout,Erro: ReadTimeout,Erro: ReadTimeout,Erro: ReadTimeout,Erro: ReadTimeout,Erro: ReadTimeout,Erro: ReadTimeout,Erro: ReadTimeout,Erro: ReadTimeout,Erro: ReadTimeout,Erro: ReadTimeout,Erro: ReadTimeout,Erro: ReadTimeout,Erro: ReadTimeout,Erro: ReadTimeout,Erro: ReadTimeout,Erro: ReadTimeout,Erro: ReadTimeout,Erro: ReadTimeout,Erro: ReadTimeout,Erro: ReadTimeout,Erro: ReadTimeout
6e5a93b6-154f-4c26-8a0d-1736a7795980,Erro: ReadTimeout,Erro: ReadTimeout,Erro: ReadTimeout,Erro: ReadTimeout,Erro: ReadTimeout,Erro: ReadTimeout,Erro: ReadTimeout,Erro: ReadTimeout,Erro: ReadTimeout,Erro: ReadTimeout,Erro: ReadTimeout,Erro: ReadTimeout,Erro: ReadTimeout,Erro: ReadTimeout,Erro: ReadTimeout,Erro: ReadTimeout,Erro: ReadTimeout,Erro: ReadTimeout,Erro: ReadTimeout,Erro: ReadTimeout,Erro: ReadTimeout,Erro: ReadTimeout,Erro: ReadTimeout
b532914d-19ea-473b-bf11-e5ec436ac1f4,Erro: ReadTimeout,Erro: ReadTimeout,Erro: ReadTimeout,Erro: ReadTimeout,Erro: ReadTimeout,Erro: ReadTimeout,Erro: ReadTimeout,Erro: ReadTimeout,Erro: ReadTimeout,Erro: ReadTimeout,Erro: ReadTimeout,Erro: ReadTimeout,Erro: ReadTimeout,Erro: ReadTimeout,Erro: ReadTimeout,Erro: ReadTimeout,Erro: ReadTimeout,Erro: ReadTimeout,Erro: ReadTimeout,Erro: ReadTimeout,Erro: ReadTimeout,Erro: ReadTimeout,Erro: ReadTimeout
70cd0711-dd07-4560-9e0c-94e137aaf873,Erro: ReadTimeout,Erro: ReadTimeout,Erro: ReadTimeout,Erro: ReadTimeout,Erro: ReadTimeout,Erro: ReadTimeout,Erro: ReadTimeout,Erro: ReadTimeout,Erro: ReadTimeout,Erro: ReadTimeout,Erro: ReadTimeout,Erro: ReadTimeout,Erro: ReadTimeout,Erro: ReadTimeout,Erro: ReadTimeout,Erro: ReadTimeout,Erro: ReadTimeout,Erro: ReadTimeout,Erro: ReadTimeout,Erro: ReadTimeout,Erro: ReadTimeout,Erro: ReadTimeout,Erro: ReadTimeout
9fd6f3dc-03f7-49df-b7f7-b5574d34b848,Erro: ReadTimeout,Erro: ReadTimeout,Erro: ReadTimeout,Erro: ReadTimeout,Erro: ReadTimeout,Erro: ReadTimeout,Erro: ReadTimeout,Erro: ReadTimeout,Erro: ReadTimeout,Erro: ReadTimeout,Erro: ReadTimeout,Erro: ReadTimeout,Erro: ReadTimeout,Erro: ReadTimeout,Erro: ReadTimeout,Erro: ReadTimeout,Erro: ReadTimeout,Erro: ReadTimeout,Erro: ReadTimeout,Erro: ReadTimeout,Erro: ReadTimeout,Erro: ReadTimeout,Erro: ReadTimeout
c26d3a52-7554-4f45-93ab-721862bf9091,Erro: ReadTimeout,Erro: ReadTimeout,Erro: ReadTimeout,Erro: ReadTimeout,Erro: ReadTimeout,Erro: ReadTimeout,Erro: ReadTimeout,Erro: ReadTimeout,Erro: ReadTimeout,Erro: ReadTimeout,Erro: ReadTimeout,Erro: ReadTimeout,Erro: ReadTimeout,Erro: ReadTimeout,Erro: ReadTimeout,Erro: ReadTimeout,Erro: ReadTimeout,Erro: ReadTimeout,Erro: ReadTimeout,Erro: ReadTimeout,Erro: ReadTimeout,Erro: ReadTimeout,Erro: ReadTimeout
83e93725-6e10-4b73-9d6f-f264d5e8d378,Erro: ReadTimeout,Erro: ReadTimeout,Erro: ReadTimeout,Erro: ReadTimeout,Erro: ReadTimeout,Erro: ReadTimeout,Erro: ReadTimeout,Erro: ReadTimeout,Erro: ReadTimeout,Erro: ReadTimeout,Erro: ReadTimeout,Erro: ReadTimeout,Erro: ReadTimeout,Erro: ReadTimeout,Erro: ReadTimeout,Erro: ReadTimeout,Erro: ReadTimeout,Erro: ReadTimeout,Erro: ReadTimeout,Erro: ReadTimeout,Erro: ReadTimeout,Erro: ReadTimeout,Erro: ReadTimeout
e09fcf6f-2942-4621-b08b-4bde2021ff1a,Erro: ReadTimeout,Erro: ReadTimeout,Erro: ReadTimeout,Erro: ReadTimeout,Erro: ReadTimeout,Erro: ReadTimeout,Erro: ReadTimeout,Erro: ReadTimeout,Erro: ReadTimeout,Erro: ReadTimeout,Erro: ReadTimeout,Erro: ReadTimeout,Erro: ReadTimeout,Erro: ReadTimeout,Erro: ReadTimeout,Erro: ReadTimeout,Erro: ReadTimeout,Erro: ReadTimeout,Erro: ReadTimeout,Erro: ReadTimeout,Erro: ReadTimeout,Erro: ReadTimeout,Erro: ReadTimeout
ca3d8c8e-9551-47fd-9812-faf4a83b663a,Erro: ReadTimeout,Erro: ReadTimeout,Erro: ReadTimeout,Erro: ReadTimeout,Erro: ReadTimeout,Erro: ReadTimeout,Erro: ReadTimeout,Erro: ReadTimeout,Erro: ReadTimeout,Erro: ReadTimeout,Erro: ReadTimeout,Erro: ReadTimeout,Erro: ReadTimeout,Erro: ReadTimeout,Erro: ReadTimeout,Erro: ReadTimeout,Erro: ReadTimeout,Erro: ReadTimeout,Erro: ReadTimeout,Erro: ReadTimeout,Erro: ReadTimeout,Erro: ReadTimeout,Erro: ReadTimeout
d5dd73b3-ddbb-4ece-a8e9-24c7a08cc5c1,Erro: ReadTimeout,Erro: ReadTimeout,Erro: ReadTimeout,Erro: ReadTimeout,Erro: ReadTimeout,Erro: ReadTimeout,Erro: ReadTimeout,Erro: ReadTimeout,Erro: ReadTimeout,Erro: ReadTimeout,Erro: ReadTimeout,Erro: ReadTimeout,Erro: ReadTimeout,Erro: ReadTimeout,Erro: ReadTimeout,Erro: ReadTimeout,Erro: ReadTimeout,Erro: ReadTimeout,Erro: ReadTimeout,Erro: ReadTimeout,Erro: ReadTimeout,Erro: ReadTimeout,Erro: ReadTimeout
c2862786-45eb-4a2c-8e6d-3ad78ef15a8d,Erro: ReadTimeout,Erro: ReadTimeout,Erro: ReadTimeout,Erro: ReadTimeout,Erro: ReadTimeout,Erro: ReadTimeout,Erro: ReadTimeout,Erro: ReadTimeout,Erro: ReadTimeout,Erro: ReadTimeout,Erro: ReadTimeout,Erro: ReadTimeout,Erro: ReadTimeout,Erro: ReadTimeout,Erro: ReadTimeout,Erro: ReadTimeout,Erro: ReadTimeout,Erro: ReadTimeout,Erro: ReadTimeout,Erro: ReadTimeout,Erro: ReadTimeout,Erro: ReadTimeout,Erro: ReadTimeout
171582bb-1a48-4a92-afe3-8b885af237e8,Erro: ReadTimeout,Erro: ReadTimeout,Erro: ReadTimeout,Erro: ReadTimeout,Erro: ReadTimeout,Erro: ReadTimeout,Erro: ReadTimeout,Erro: ReadTimeout,Erro: ReadTimeout,Erro: ReadTimeout,Erro: ReadTimeout,Erro: ReadTimeout,Erro: ReadTimeout,Erro: ReadTimeout,Erro: ReadTimeout,Erro: ReadTimeout,Erro: ReadTimeout,Erro: ReadTimeout,Erro: ReadTimeout,Erro: ReadTimeout,Erro: ReadTimeout,Erro: ReadTimeout,Erro: ReadTimeout
8c14418c-98ab-45d4-919f-24dddc0be03a,Erro: ReadTimeout,Erro: ReadTimeout,Erro: ReadTimeout,Erro: ReadTimeout,Erro: ReadTimeout,Erro: ReadTimeout,Erro: ReadTimeout,Erro: ReadTimeout,Erro: ReadTimeout,Erro: ReadTimeout,Erro: ReadTimeout,Erro: ReadTimeout,Erro: ReadTimeout,Erro: ReadTimeout,Erro: ReadTimeout,Erro: ReadTimeout,Erro: ReadTimeout,Erro: ReadTimeout,Erro: ReadTimeout,Erro: ReadTimeout,Erro: ReadTimeout,Erro: ReadTimeout,Erro: ReadTimeout
3cc782fb-74a8-4ff2-8c65-64a6c28c739a,Erro: ReadTimeout,Erro: ReadTimeout,Erro: ReadTimeout,Erro: ReadTimeout,Erro: ReadTimeout,Erro: ReadTimeout,Erro: ReadTimeout,Erro: ReadTimeout,Erro: ReadTimeout,Erro: ReadTimeout,Erro: ReadTimeout,Erro: ReadTimeout,Erro: ReadTimeout,Erro: ReadTimeout,Erro: ReadTimeout,Erro: ReadTimeout,Erro: ReadTimeout,Erro: ReadTimeout,Erro: ReadTimeout,Erro: ReadTimeout,Erro: ReadTimeout,Erro: ReadTimeout,Erro: ReadTimeout
6e4fe371-5274-402f-bc51-4cb35f898060,Erro: ReadTimeout,Erro: ReadTimeout,Erro: ReadTimeout,Erro: ReadTimeout,Erro: ReadTimeout,Erro: ReadTimeout,Erro: ReadTimeout,Erro: ReadTimeout,Erro: ReadTimeout,Erro: ReadTimeout,Erro: ReadTimeout,Erro: ReadTimeout,Erro: ReadTimeout,Erro: ReadTimeout,Erro: ReadTimeout,Erro: ReadTimeout,Erro: ReadTimeout,Erro: ReadTimeout,Erro: ReadTimeout,Erro: ReadTimeout,Erro: ReadTimeout,Erro: ReadTimeout,Erro: ReadTimeout
18aa7747-5c68-4d1d-9ffb-8883b23ac5f5,Erro: ReadTimeout,Erro: ReadTimeout,Erro: ReadTimeout,Erro: ReadTimeout,Erro: ReadTimeout,Erro: ReadTimeout,Erro: ReadTimeout,Erro: ReadTimeout,Erro: ReadTimeout,Erro: ReadTimeout,Erro: ReadTimeout,Erro: ReadTimeout,Erro: ReadTimeout,Erro: ReadTimeout,Erro: ReadTimeout,Erro: ReadTimeout,Erro: ReadTimeout,Erro: ReadTimeout,Erro: ReadTimeout,Erro: ReadTimeout,Erro: ReadTimeout,Erro: ReadTimeout,Erro: ReadTimeout
6ffaa27b-41f1-49cd-acba-4ade7bbe9f90,Erro: ReadTimeout,Erro: ReadTimeout,Erro: ReadTimeout,Erro: ReadTimeout,Erro: ReadTimeout,Erro: ReadTimeout,Erro: ReadTimeout,Erro: ReadTimeout,Erro: ReadTimeout,Erro: ReadTimeout,Erro: ReadTimeout,Erro: ReadTimeout,Erro: ReadTimeout,Erro: ReadTimeout,Erro: ReadTimeout,Erro: ReadTimeout,Erro: ReadTimeout,Erro: ReadTimeout,Erro: ReadTimeout,Erro: ReadTimeout,Erro: ReadTimeout,Erro: ReadTimeout,Erro: ReadTimeout
7e46d891-720e-48ff-bb15-c2ca910ae463,Erro: ReadTimeout,Erro: ReadTimeout,Erro: ReadTimeout,Erro: ReadTimeout,Erro: ReadTimeout,Erro: ReadTimeout,Erro: ReadTimeout,Erro: ReadTimeout,Erro: ReadTimeout,Erro: ReadTimeout,Erro: ReadTimeout,Erro: ReadTimeout,Erro: ReadTimeout,Erro: ReadTimeout,Erro: ReadTimeout,Erro: ReadTimeout,Erro: ReadTimeout,Erro: ReadTimeout,Erro: ReadTimeout,Erro: ReadTimeout,Erro: ReadTimeout,Erro: ReadTimeout,Erro: ReadTimeout
61765de5-03d1-44dd-b783-da346bd30963,Erro: ReadTimeout,Erro: ReadTimeout,Erro: ReadTimeout,Erro: ReadTimeout,Erro: ReadTimeout,Erro: ReadTimeout,Erro: ReadTimeout,Erro: ReadTimeout,Erro: ReadTimeout,Erro: ReadTimeout,Erro: ReadTimeout,Erro: ReadTimeout,Erro: ReadTimeout,Erro: ReadTimeout,Erro: ReadTimeout,Erro: ReadTimeout,Erro: ReadTimeout,Erro: ReadTimeout,Erro: ReadTimeout,Erro: ReadTimeout,Erro: ReadTimeout,Erro: ReadTimeout,Erro: ReadTimeout
7aa3c61e-ff19-4804-ad09-7515d969c1f4,Erro: ReadTimeout,Erro: ReadTimeout,Erro: ReadTimeout,Erro: ReadTimeout,Erro: ReadTimeout,Erro: ReadTimeout,Erro: ReadTimeout,Erro: ReadTimeout,Erro: ReadTimeout,Erro: ReadTimeout,Erro: ReadTimeout,Erro: ReadTimeout,Erro: ReadTimeout,Erro: ReadTimeout,Erro: ReadTimeout,Erro: ReadTimeout,Erro: ReadTimeout,Erro: ReadTimeout,Erro: ReadTimeout,Erro: ReadTimeout,Erro: ReadTimeout,Erro: ReadTimeout,Erro: ReadTimeout
fe42f0b2-f4b9-4518-94ce-bb1f73434379,Erro: ReadTimeout,Erro: ReadTimeout,Erro: ReadTimeout,Erro: ReadTimeout,Erro: ReadTimeout,Erro: ReadTimeout,Erro: ReadTimeout,Erro: ReadTimeout,Erro: ReadTimeout,Erro: ReadTimeout,Erro: ReadTimeout,Erro: ReadTimeout,Erro: ReadTimeout,Erro: ReadTimeout,Erro: ReadTimeout,Erro: ReadTimeout,Erro: ReadTimeout,Erro: ReadTimeout,Erro: ReadTimeout,Erro: ReadTimeout,Erro: ReadTimeout,Erro: ReadTimeout,Erro: ReadTimeout
5834280d-f76d-45c3-9d4b-c223179d9c9e,Erro: ReadTimeout,Erro: ReadTimeout,Erro: ReadTimeout,Erro: ReadTimeout,Erro: ReadTimeout,Erro: ReadTimeout,Erro: ReadTimeout,Erro: ReadTimeout,Erro: ReadTimeout,Erro: ReadTimeout,Erro: ReadTimeout,Erro: ReadTimeout,Erro: ReadTimeout,Erro: ReadTimeout,Erro: ReadTimeout,Erro: ReadTimeout,Erro: ReadTimeout,Erro: ReadTimeout,Erro: ReadTimeout,Erro: ReadTimeout,Erro: ReadTimeout,Erro: ReadTimeout,Erro: ReadTimeout
edd8e91e-71c1-4658-8cb9-9de6cae06522,Erro: ReadTimeout,Erro: ReadTimeout,Erro: ReadTimeout,Erro: ReadTimeout,Erro: ReadTimeout,Erro: ReadTimeout,Erro: ReadTimeout,Erro: ReadTimeout,Erro: ReadTimeout,Erro: ReadTimeout,Erro: ReadTimeout,Erro: ReadTimeout,Erro: ReadTimeout,Erro: ReadTimeout,Erro: ReadTimeout,Erro: ReadTimeout,Erro: ReadTimeout,Erro: ReadTimeout,Erro: ReadTimeout,Erro: ReadTimeout,Erro: ReadTimeout,Erro: ReadTimeout,Erro: ReadTimeout
dd8b3b0e-6b00-4245-9578-70c4ae356d45,Erro: ReadTimeout,Erro: ReadTimeout,Erro: ReadTimeout,Erro: ReadTimeout,Erro: ReadTimeout,Erro: ReadTimeout,Erro: ReadTimeout,Erro: ReadTimeout,Erro: ReadTimeout,Erro: ReadTimeout,Erro: ReadTimeout,Erro: ReadTimeout,Erro: ReadTimeout,Erro: ReadTimeout,Erro: ReadTimeout,Erro: ReadTimeout,Erro: ReadTimeout,Erro: ReadTimeout,Erro: ReadTimeout,Erro: ReadTimeout,Erro: ReadTimeout,Erro: ReadTimeout,Erro: ReadTimeout
d5b67959-aa00-4ac7-97bd-b0d3c01ace0b,Erro: ReadTimeout,Erro: ReadTimeout,Erro: ReadTimeout,Erro: ReadTimeout,Erro: ReadTimeout,Erro: ReadTimeout,Erro: ReadTimeout,Erro: ReadTimeout,Erro: ReadTimeout,Erro: ReadTimeout,Erro: ReadTimeout,Erro: ReadTimeout,Erro: ReadTimeout,Erro: ReadTimeout,Erro: ReadTimeout,Erro: ReadTimeout,Erro: ReadTimeout,Erro: ReadTimeout,Erro: ReadTimeout,Erro: ReadTimeout,Erro: ReadTimeout,Erro: ReadTimeout,Erro: ReadTimeout
a87b1857-97e6-48b8-9ee7-72061e7b5b3c,Erro: ReadTimeout,Erro: ReadTimeout,Erro: ReadTimeout,Erro: ReadTimeout,Erro: ReadTimeout,Erro: ReadTimeout,Erro: ReadTimeout,Erro: ReadTimeout,Erro: ReadTimeout,Erro: ReadTimeout,Erro: ReadTimeout,Erro: ReadTimeout,Erro: ReadTimeout,Erro: ReadTimeout,Erro: ReadTimeout,Erro: ReadTimeout,Erro: ReadTimeout,Erro: ReadTimeout,Erro: ReadTimeout,Erro: ReadTimeout,Erro: ReadTimeout,Erro: ReadTimeout,Erro: ReadTimeout
21d6e900-f6d0-4984-9856-1ae601d3b0ad,Erro: ReadTimeout,Erro: ReadTimeout,Erro: ReadTimeout,Erro: ReadTimeout,Erro: ReadTimeout,Erro: ReadTimeout,Erro: ReadTimeout,Erro: ReadTimeout,Erro: ReadTimeout,Erro: ReadTimeout,Erro: ReadTimeout,Erro: ReadTimeout,Erro: ReadTimeout,Erro: ReadTimeout,Erro: ReadTimeout,Erro: ReadTimeout,Erro: ReadTimeout,Erro: ReadTimeout,Erro: ReadTimeout,Erro: ReadTimeout,Erro: ReadTimeout,Erro: ReadTimeout,Erro: ReadTimeout
42887213-1969-471b-8f23-b3fcfb382fd5,Erro: ReadTimeout,Erro: ReadTimeout,Erro: ReadTimeout,Erro: ReadTimeout,Erro: ReadTimeout,Erro: ReadTimeout,Erro: ReadTimeout,Erro: ReadTimeout,Erro: ReadTimeout,Erro: ReadTimeout,Erro: ReadTimeout,Erro: ReadTimeout,Erro: ReadTimeout,Erro: ReadTimeout,Erro: ReadTimeout,Erro: ReadTimeout,Erro: ReadTimeout,Erro: ReadTimeout,Erro: ReadTimeout,Erro: ReadTimeout,Erro: ReadTimeout,Erro: ReadTimeout,Erro: ReadTimeout
6b39afed-0f54-4394-9f9e-9f035c18d4b4,Erro: ReadTimeout,Erro: ReadTimeout,Erro: ReadTimeout,Erro: ReadTimeout,Erro: ReadTimeout,Erro: ReadTimeout,Erro: ReadTimeout,Erro: ReadTimeout,Erro: ReadTimeout,Erro: ReadTimeout,Erro: ReadTimeout,Erro: ReadTimeout,Erro: ReadTimeout,Erro: ReadTimeout,Erro: ReadTimeout,Erro: ReadTimeout,Erro: ReadTimeout,Erro: ReadTimeout,Erro: ReadTimeout,Erro: ReadTimeout,Erro: ReadTimeout,Erro: ReadTimeout,Erro: ReadTimeout
54506e95-c2d9-4a74-b70c-99f379c6b432,Erro: ReadTimeout,Erro: ReadTimeout,Erro: ReadTimeout,Erro: ReadTimeout,Erro: ReadTimeout,Erro: ReadTimeout,Erro: ReadTimeout,Erro: ReadTimeout,Erro: ReadTimeout,Erro: ReadTimeout,Erro: ReadTimeout,Erro: ReadTimeout,Erro: ReadTimeout,Erro: ReadTimeout,Erro: ReadTimeout,Erro: ReadTimeout,Erro: ReadTimeout,Erro: ReadTimeout,Erro: ReadTimeout,Erro: ReadTimeout,Erro: ReadTimeout,Erro: ReadTimeout,Erro: ReadTimeout
7fa72dfe-7f6b-4e1a-bd47-3b525725246a,Erro: ReadTimeout,Erro: ReadTimeout,Erro: ReadTimeout,Erro: ReadTimeout,Erro: ReadTimeout,Erro: ReadTimeout,Erro: ReadTimeout,Erro: ReadTimeout,Erro: ReadTimeout,Erro: ReadTimeout,Erro: ReadTimeout,Erro: ReadTimeout,Erro: ReadTimeout,Erro: ReadTimeout,Erro: ReadTimeout,Erro: ReadTimeout,Erro: ReadTimeout,Erro: ReadTimeout,Erro: ReadTimeout,Erro: ReadTimeout,Erro: ReadTimeout,Erro: ReadTimeout,Erro: ReadTimeout
3bfaea01-7c1e-400c-9fe2-df6f406edce8,Erro: ReadTimeout,Erro: ReadTimeout,Erro: ReadTimeout,Erro: ReadTimeout,Erro: ReadTimeout,Erro: ReadTimeout,Erro: ReadTimeout,Erro: ReadTimeout,Erro: ReadTimeout,Erro: ReadTimeout,Erro: ReadTimeout,Erro: ReadTimeout,Erro: ReadTimeout,Erro: ReadTimeout,Erro: ReadTimeout,Erro: ReadTimeout,Erro: ReadTimeout,Erro: ReadTimeout,Erro: ReadTimeout,Erro: ReadTimeout,Erro: ReadTimeout,Erro: ReadTimeout,Erro: ReadTimeout
4c2b7f32-e418-4926-8bf0-d91e3f81bfcb,Erro: ReadTimeout,Erro: ReadTimeout,Erro: ReadTimeout,Erro: ReadTimeout,Erro: ReadTimeout,Erro: ReadTimeout,Erro: ReadTimeout,Erro: ReadTimeout,Erro: ReadTimeout,Erro: ReadTimeout,Erro: ReadTimeout,Erro: ReadTimeout,Erro: ReadTimeout,Erro: ReadTimeout,Erro: ReadTimeout,Erro: ReadTimeout,Erro: ReadTimeout,Erro: ReadTimeout,Erro: ReadTimeout,Erro: ReadTimeout,Erro: ReadTimeout,Erro: ReadTimeout,Erro: ReadTimeout
c696a4bf-f8eb-486f-9cb5-673629bbbf95,Erro: ReadTimeout,Erro: ReadTimeout,Erro: ReadTimeout,Erro: ReadTimeout,Erro: ReadTimeout,Erro: ReadTimeout,Erro: ReadTimeout,Erro: ReadTimeout,Erro: ReadTimeout,Erro: ReadTimeout,Erro: ReadTimeout,Erro: ReadTimeout,Erro: ReadTimeout,Erro: ReadTimeout,Erro: ReadTimeout,Erro: ReadTimeout,Erro: ReadTimeout,Erro: ReadTimeout,Erro: ReadTimeout,Erro: ReadTimeout,Erro: ReadTimeout,Erro: ReadTimeout,Erro: ReadTimeout
85f471ce-4876-403e-a401-9e0eedd5f358,Erro: ReadTimeout,Erro: ReadTimeout,Erro: ReadTimeout,Erro: ReadTimeout,Erro: ReadTimeout,Erro: ReadTimeout,Erro: ReadTimeout,Erro: ReadTimeout,Erro: ReadTimeout,Erro: ReadTimeout,Erro: ReadTimeout,Erro: ReadTimeout,Erro: ReadTimeout,Erro: ReadTimeout,Erro: ReadTimeout,Erro: ReadTimeout,Erro: ReadTimeout,Erro: ReadTimeout,Erro: ReadTimeout,Erro: ReadTimeout,Erro: ReadTimeout,Erro: ReadTimeout,Erro: ReadTimeout
350f8fce-2b7c-457d-831a-d005c3a6764d,Erro: ReadTimeout,Erro: ReadTimeout,Erro: ReadTimeout,Erro: ReadTimeout,Erro: ReadTimeout,Erro: ReadTimeout,Erro: ReadTimeout,Erro: ReadTimeout,Erro: ReadTimeout,Erro: ReadTimeout,Erro: ReadTimeout,Erro: ReadTimeout,Erro: ReadTimeout,Erro: ReadTimeout,Erro: ReadTimeout,Erro: ReadTimeout,Erro: ReadTimeout,Erro: ReadTimeout,Erro: ReadTimeout,Erro: ReadTimeout,Erro: ReadTimeout,Erro: ReadTimeout,Erro: ReadTimeout
a6bbd1ae-29cd-4fcb-9408-e1f3f99a6c60,Erro: ReadTimeout,Erro: ReadTimeout,Erro: ReadTimeout,Erro: ReadTimeout,Erro: ReadTimeout,Erro: ReadTimeout,Erro: ReadTimeout,Erro: ReadTimeout,Erro: ReadTimeout,Erro: ReadTimeout,Erro: ReadTimeout,Erro: ReadTimeout,Erro: ReadTimeout,Erro: ReadTimeout,Erro: ReadTimeout,Erro: ReadTimeout,Erro: ReadTimeout,Erro: ReadTimeout,Erro: ReadTimeout,Erro: ReadTimeout,Erro: ReadTimeout,Erro: ReadTimeout,Erro: ReadTimeout
bf3ca782-808c-4976-8571-669b139f6eb2,Erro: ReadTimeout,Erro: ReadTimeout,Erro: ReadTimeout,Erro: ReadTimeout,Erro: ReadTimeout,Erro: ReadTimeout,Erro: ReadTimeout,Erro: ReadTimeout,Erro: ReadTimeout,Erro: ReadTimeout,Erro: ReadTimeout,Erro: ReadTimeout,Erro: ReadTimeout,Erro: ReadTimeout,Erro: ReadTimeout,Erro: ReadTimeout,Erro: ReadTimeout,Erro: ReadTimeout,Erro: ReadTimeout,Erro: ReadTimeout,Erro: ReadTimeout,Erro: ReadTimeout,Erro: ReadTimeout
1665c3f7-da9e-414c-b03a-4230d321cde9,Erro: ReadTimeout,Erro: ReadTimeout,Erro: ReadTimeout,Erro: ReadTimeout,Erro: ReadTimeout,Erro: ReadTimeout,Erro: ReadTimeout,Erro: ReadTimeout,Erro: ReadTimeout,Erro: ReadTimeout,Erro: ReadTimeout,Erro: ReadTimeout,Erro: ReadTimeout,Erro: ReadTimeout,Erro: ReadTimeout,Erro: ReadTimeout,Erro: ReadTimeout,Erro: ReadTimeout,Erro: ReadTimeout,Erro: ReadTimeout,Erro: ReadTimeout,Erro: ReadTimeout,Erro: ReadTimeout
ee900869-0557-47a0-8fb4-cfe20c03b738,Erro: ReadTimeout,Erro: ReadTimeout,Erro: ReadTimeout,Erro: ReadTimeout,Erro: ReadTimeout,Erro: ReadTimeout,Erro: ReadTimeout,Erro: ReadTimeout,Erro: ReadTimeout,Erro: ReadTimeout,Erro: ReadTimeout,Erro: ReadTimeout,Erro: ReadTimeout,Erro: ReadTimeout,Erro: ReadTimeout,Erro: ReadTimeout,Erro: ReadTimeout,Erro: ReadTimeout,Erro: ReadTimeout,Erro: ReadTimeout,Erro: ReadTimeout,Erro: ReadTimeout,Erro: ReadTimeout
9ad5d137-101e-40ec-8413-3f5cbfd3bf01,Erro: ReadTimeout,Erro: ReadTimeout,Erro: ReadTimeout,Erro: ReadTimeout,Erro: ReadTimeout,Erro: ReadTimeout,Erro: ReadTimeout,Erro: ReadTimeout,Erro: ReadTimeout,Erro: ReadTimeout,Erro: ReadTimeout,Erro: ReadTimeout,Erro: ReadTimeout,Erro: ReadTimeout,Erro: ReadTimeout,Erro: ReadTimeout,Erro: ReadTimeout,Erro: ReadTimeout,Erro: ReadTimeout,Erro: ReadTimeout,Erro: ReadTimeout,Erro: ReadTimeout,Erro: ReadTimeout
decb098a-6db6-434e-9590-f2439f6994b7,Erro: ReadTimeout,Erro: ReadTimeout,Erro: ReadTimeout,Erro: ReadTimeout,Erro: ReadTimeout,Erro: ReadTimeout,Erro: ReadTimeout,Erro: ReadTimeout,Erro: ReadTimeout,Erro: ReadTimeout,Erro: ReadTimeout,Erro: ReadTimeout,Erro: ReadTimeout,Erro: ReadTimeout,Erro: ReadTimeout,Erro: ReadTimeout,Erro: ReadTimeout,Erro: ReadTimeout,Erro: ReadTimeout,Erro: ReadTimeout,Erro: ReadTimeout,Erro: ReadTimeout,Erro: ReadTimeout
4b423463-877c-4867-b94b-2083d8972cc6,Erro: ReadTimeout,Erro: ReadTimeout,Erro: ReadTimeout,Erro: ReadTimeout,Erro: ReadTimeout,Erro: ReadTimeout,Erro: ReadTimeout,Erro: ReadTimeout,Erro: ReadTimeout,Erro: ReadTimeout,Erro: ReadTimeout,Erro: ReadTimeout,Erro: ReadTimeout,Erro: ReadTimeout,Erro: ReadTimeout,Erro: ReadTimeout,Erro: ReadTimeout,Erro: ReadTimeout,Erro: ReadTimeout,Erro: ReadTimeout,Erro: ReadTimeout,Erro: ReadTimeout,Erro: ReadTimeout
afa5c377-0d31-492c-8ca4-54df7f73c284,Erro: ReadTimeout,Erro: ReadTimeout,Erro: ReadTimeout,Erro: ReadTimeout,Erro: ReadTimeout,Erro: ReadTimeout,Erro: ReadTimeout,Erro: ReadTimeout,Erro: ReadTimeout,Erro: ReadTimeout,Erro: ReadTimeout,Erro: ReadTimeout,Erro: ReadTimeout,Erro: ReadTimeout,Erro: ReadTimeout,Erro: ReadTimeout,Erro: ReadTimeout,Erro: ReadTimeout,Erro: ReadTimeout,Erro: ReadTimeout,Erro: ReadTimeout,Erro: ReadTimeout,Erro: ReadTimeout
858076ed-4fba-44fc-8b6d-055c2a8011cd,Erro: ReadTimeout,Erro: ReadTimeout,Erro: ReadTimeout,Erro: ReadTimeout,Erro: ReadTimeout,Erro: ReadTimeout,Erro: ReadTimeout,Erro: ReadTimeout,Erro: ReadTimeout,Erro: ReadTimeout,Erro: ReadTimeout,Erro: ReadTimeout,Erro: ReadTimeout,Erro: ReadTimeout,Erro: ReadTimeout,Erro: ReadTimeout,Erro: ReadTimeout,Erro: ReadTimeout,Erro: ReadTimeout,Erro: ReadTimeout,Erro: ReadTimeout,Erro: ReadTimeout,Erro: ReadTimeout
98b53504-4b6a-4df5-ae4b-1482a73804c2,Erro: ReadTimeout,Erro: ReadTimeout,Erro: ReadTimeout,Erro: ReadTimeout,Erro: ReadTimeout,Erro: ReadTimeout,Erro: ReadTimeout,Erro: ReadTimeout,Erro: ReadTimeout,Erro: ReadTimeout,Erro: ReadTimeout,Erro: ReadTimeout,Erro: ReadTimeout,Erro: ReadTimeout,Erro: ReadTimeout,Erro: ReadTimeout,Erro: ReadTimeout,Erro: ReadTimeout,Erro: ReadTimeout,Erro: ReadTimeout,Erro: ReadTimeout,Erro: ReadTimeout,Erro: ReadTimeout
96f67bdb-0e8c-4e40-ae00-cf717da5e633,Erro: ReadTimeout,Erro: ReadTimeout,Erro: ReadTimeout,Erro: ReadTimeout,Erro: ReadTimeout,Erro: ReadTimeout,Erro: ReadTimeout,Erro: ReadTimeout,Erro: ReadTimeout,Erro: ReadTimeout,Erro: ReadTimeout,Erro: ReadTimeout,Erro: ReadTimeout,Erro: ReadTimeout,Erro: ReadTimeout,Erro: ReadTimeout,Erro: ReadTimeout,Erro: ReadTimeout,Erro: ReadTimeout,Erro: ReadTimeout,Erro: ReadTimeout,Erro: ReadTimeout,Erro: ReadTimeout
913ebfc5-dbff-4617-98b7-f2123d80cd6f,Erro: ReadTimeout,Erro: ReadTimeout,Erro: ReadTimeout,Erro: ReadTimeout,Erro: ReadTimeout,Erro: ReadTimeout,Erro: ReadTimeout,Erro: ReadTimeout,Erro: ReadTimeout,Erro: ReadTimeout,Erro: ReadTimeout,Erro: ReadTimeout,Erro: ReadTimeout,Erro: ReadTimeout,Erro: ReadTimeout,Erro: ReadTimeout,Erro: ReadTimeout,Erro: ReadTimeout,Erro: ReadTimeout,Erro: ReadTimeout,Erro: ReadTimeout,Erro: ReadTimeout,Erro: ReadTimeout
a70d583a-fe42-44f1-8637-1ab219889a70,Erro: ReadTimeout,Erro: ReadTimeout,Erro: ReadTimeout,Erro: ReadTimeout,Erro: ReadTimeout,Erro: ReadTimeout,Erro: ReadTimeout,Erro: ReadTimeout,Erro: ReadTimeout,Erro: ReadTimeout,Erro: ReadTimeout,Erro: ReadTimeout,Erro: ReadTimeout,Erro: ReadTimeout,Erro: ReadTimeout,Erro: ReadTimeout,Erro: ReadTimeout,Erro: ReadTimeout,Erro: ReadTimeout,Erro: ReadTimeout,Erro: ReadTimeout,Erro: ReadTimeout,Erro: ReadTimeout
07fb13d8-0616-41f8-ab50-99c1c6669fd7,Erro: ReadTimeout,Erro: ReadTimeout,Erro: ReadTimeout,Erro: ReadTimeout,Erro: ReadTimeout,Erro: ReadTimeout,Erro: ReadTimeout,Erro: ReadTimeout,Erro: ReadTimeout,Erro: ReadTimeout,Erro: ReadTimeout,Erro: ReadTimeout,Erro: ReadTimeout,Erro: ReadTimeout,Erro: ReadTimeout,Erro: ReadTimeout,Erro: ReadTimeout,Erro: ReadTimeout,Erro: ReadTimeout,Erro: ReadTimeout,Erro: ReadTimeout,Erro: ReadTimeout,Erro: ReadTimeout
4a9e98e6-ec2e-4131-bd7f-e25a3530c678,Erro: ReadTimeout,Erro: ReadTimeout,Erro: ReadTimeout,Erro: ReadTimeout,Erro: ReadTimeout,Erro: ReadTimeout,Erro: ReadTimeout,Erro: ReadTimeout,Erro: ReadTimeout,Erro: ReadTimeout,Erro: ReadTimeout,Erro: ReadTimeout,Erro: ReadTimeout,Erro: ReadTimeout,Erro: ReadTimeout,Erro: ReadTimeout,Erro: ReadTimeout,Erro: ReadTimeout,Erro: ReadTimeout,Erro: ReadTimeout,Erro: ReadTimeout,Erro: ReadTimeout,Erro: ReadTimeout
74d5752e-fd5d-4962-a848-b13a8b56bece,Erro: ReadTimeout,Erro: ReadTimeout,Erro: ReadTimeout,Erro: ReadTimeout,Erro: ReadTimeout,Erro: ReadTimeout,Erro: ReadTimeout,Erro: ReadTimeout,Erro: ReadTimeout,Erro: ReadTimeout,Erro: ReadTimeout,Erro: ReadTimeout,Erro: ReadTimeout,Erro: ReadTimeout,Erro: ReadTimeout,Erro: ReadTimeout,Erro: ReadTimeout,Erro: ReadTimeout,Erro: ReadTimeout,Erro: ReadTimeout,Erro: ReadTimeout,Erro: ReadTimeout,Erro: ReadTimeout
a6643220-971e-4868-be0f-cecc6b79cef3,Erro: ReadTimeout,Erro: ReadTimeout,Erro: ReadTimeout,Erro: ReadTimeout,Erro: ReadTimeout,Erro: ReadTimeout,Erro: ReadTimeout,Erro: ReadTimeout,Erro: ReadTimeout,Erro: ReadTimeout,Erro: ReadTimeout,Erro: ReadTimeout,Erro: ReadTimeout,Erro: ReadTimeout,Erro: ReadTimeout,Erro: ReadTimeout,Erro: ReadTimeout,Erro: ReadTimeout,Erro: ReadTimeout,Erro: ReadTimeout,Erro: ReadTimeout,Erro: ReadTimeout,Erro: ReadTimeout
e7878efe-a724-4965-928d-d0ffbea1929f,Erro: ReadTimeout,Erro: ReadTimeout,Erro: ReadTimeout,Erro: ReadTimeout,Erro: ReadTimeout,Erro: ReadTimeout,Erro: ReadTimeout,Erro: ReadTimeout,Erro: ReadTimeout,Erro: ReadTimeout,Erro: ReadTimeout,Erro: ReadTimeout,Erro: ReadTimeout,Erro: ReadTimeout,Erro: ReadTimeout,Erro: ReadTimeout,Erro: ReadTimeout,Erro: ReadTimeout,Erro: ReadTimeout,Erro: ReadTimeout,Erro: ReadTimeout,Erro: ReadTimeout,Erro: ReadTimeout
22044c07-aa2f-42ee-9331-2628dc64fc6a,Erro: ReadTimeout,Erro: ReadTimeout,Erro: ReadTimeout,Erro: ReadTimeout,Erro: ReadTimeout,Erro: ReadTimeout,Erro: ReadTimeout,Erro: ReadTimeout,Erro: ReadTimeout,Erro: ReadTimeout,Erro: ReadTimeout,Erro: ReadTimeout,Erro: ReadTimeout,Erro: ReadTimeout,Erro: ReadTimeout,Erro: ReadTimeout,Erro: ReadTimeout,Erro: ReadTimeout,Erro: ReadTimeout,Erro: ReadTimeout,Erro: ReadTimeout,Erro: ReadTimeout,Erro: ReadTimeout
32062dec-f6dd-4728-a751-33d810db8921,Erro: ReadTimeout,Erro: ReadTimeout,Erro: ReadTimeout,Erro: ReadTimeout,Erro: ReadTimeout,Erro: ReadTimeout,Erro: ReadTimeout,Erro: ReadTimeout,Erro: ReadTimeout,Erro: ReadTimeout,Erro: ReadTimeout,Erro: ReadTimeout,Erro: ReadTimeout,Erro: ReadTimeout,Erro: ReadTimeout,Erro: ReadTimeout,Erro: ReadTimeout,Erro: ReadTimeout,Erro: ReadTimeout,Erro: ReadTimeout,Erro: ReadTimeout,Erro: ReadTimeout,Erro: ReadTimeout
2cad717e-cba2-4998-8eda-2b0a0af28641,Erro: ReadTimeout,Erro: ReadTimeout,Erro: ReadTimeout,Erro: ReadTimeout,Erro: ReadTimeout,Erro: ReadTimeout,Erro: ReadTimeout,Erro: ReadTimeout,Erro: ReadTimeout,Erro: ReadTimeout,Erro: ReadTimeout,Erro: ReadTimeout,Erro: ReadTimeout,Erro: ReadTimeout,Erro: ReadTimeout,Erro: ReadTimeout,Erro: ReadTimeout,Erro: ReadTimeout,Erro: ReadTimeout,Erro: ReadTimeout,Erro: ReadTimeout,Erro: ReadTimeout,Erro: ReadTimeout
714677e9-777b-42d2-99a1-a25823a6c556,Erro: ReadTimeout,Erro: ReadTimeout,Erro: ReadTimeout,Erro: ReadTimeout,Erro: ReadTimeout,Erro: ReadTimeout,Erro: ReadTimeout,Erro: ReadTimeout,Erro: ReadTimeout,Erro: ReadTimeout,Erro: ReadTimeout,Erro: ReadTimeout,Erro: ReadTimeout,Erro: ReadTimeout,Erro: ReadTimeout,Erro: ReadTimeout,Erro: ReadTimeout,Erro: ReadTimeout,Erro: ReadTimeout,Erro: ReadTimeout,Erro: ReadTimeout,Erro: ReadTimeout,Erro: ReadTimeout
5cf20be4-cb5b-457d-9f2f-16f08041dbac,Erro: ReadTimeout,Erro: ReadTimeout,Erro: ReadTimeout,Erro: ReadTimeout,Erro: ReadTimeout,Erro: ReadTimeout,Erro: ReadTimeout,Erro: ReadTimeout,Erro: ReadTimeout,Erro: ReadTimeout,Erro: ReadTimeout,Erro: ReadTimeout,Erro: ReadTimeout,Erro: ReadTimeout,Erro: ReadTimeout,Erro: ReadTimeout,Erro: ReadTimeout,Erro: ReadTimeout,Erro: ReadTimeout,Erro: ReadTimeout,Erro: ReadTimeout,Erro: ReadTimeout,Erro: ReadTimeout
4226a865-eb3a-458a-8d9e-5325c4e72954,Erro: ReadTimeout,Erro: ReadTimeout,Erro: ReadTimeout,Erro: ReadTimeout,Erro: ReadTimeout,Erro: ReadTimeout,Erro: ReadTimeout,Erro: ReadTimeout,Erro: ReadTimeout,Erro: ReadTimeout,Erro: ReadTimeout,Erro: ReadTimeout,Erro: ReadTimeout,Erro: ReadTimeout,Erro: ReadTimeout,Erro: ReadTimeout,Erro: ReadTimeout,Erro: ReadTimeout,Erro: ReadTimeout,Erro: ReadTimeout,Erro: ReadTimeout,Erro: ReadTimeout,Erro: ReadTimeout
27e366d0-bbce-4b04-9d0d-bc66d0f3482c,Erro: ReadTimeout,Erro: ReadTimeout,Erro: ReadTimeout,Erro: ReadTimeout,Erro: ReadTimeout,Erro: ReadTimeout,Erro: ReadTimeout,Erro: ReadTimeout,Erro: ReadTimeout,Erro: ReadTimeout,Erro: ReadTimeout,Erro: ReadTimeout,Erro: ReadTimeout,Erro: ReadTimeout,Erro: ReadTimeout,Erro: ReadTimeout,Erro: ReadTimeout,Erro: ReadTimeout,Erro: ReadTimeout,Erro: ReadTimeout,Erro: ReadTimeout,Erro: ReadTimeout,Erro: ReadTimeout
8c70887b-fd2d-4d28-8fb0-eb2d61a78c8a,Erro: ReadTimeout,Erro: ReadTimeout,Erro: ReadTimeout,Erro: ReadTimeout,Erro: ReadTimeout,Erro: ReadTimeout,Erro: ReadTimeout,Erro: ReadTimeout,Erro: ReadTimeout,Erro: ReadTimeout,Erro: ReadTimeout,Erro: ReadTimeout,Erro: ReadTimeout,Erro: ReadTimeout,Erro: ReadTimeout,Erro: ReadTimeout,Erro: ReadTimeout,Erro: ReadTimeout,Erro: ReadTimeout,Erro: ReadTimeout,Erro: ReadTimeout,Erro: ReadTimeout,Erro: ReadTimeout
4a6169ec-387d-48e7-a14a-451e59b97f31,Erro: ReadTimeout,Erro: ReadTimeout,Erro: ReadTimeout,Erro: ReadTimeout,Erro: ReadTimeout,Erro: ReadTimeout,Erro: ReadTimeout,Erro: ReadTimeout,Erro: ReadTimeout,Erro: ReadTimeout,Erro: ReadTimeout,Erro: ReadTimeout,Erro: ReadTimeout,Erro: ReadTimeout,Erro: ReadTimeout,Erro: ReadTimeout,Erro: ReadTimeout,Erro: ReadTimeout,Erro: ReadTimeout,Erro: ReadTimeout,Erro: ReadTimeout,Erro: ReadTimeout,Erro: ReadTimeout
55bc53d9-5f86-4b59-9e82-fdd2c110faf0,Erro: ReadTimeout,Erro: ReadTimeout,Erro: ReadTimeout,Erro: ReadTimeout,Erro: ReadTimeout,Erro: ReadTimeout,Erro: ReadTimeout,Erro: ReadTimeout,Erro: ReadTimeout,Erro: ReadTimeout,Erro: ReadTimeout,Erro: ReadTimeout,Erro: ReadTimeout,Erro: ReadTimeout,Erro: ReadTimeout,Erro: ReadTimeout,Erro: ReadTimeout,Erro: ReadTimeout,Erro: ReadTimeout,Erro: ReadTimeout,Erro: ReadTimeout,Erro: ReadTimeout,Erro: ReadTimeout
2256fe19-a38f-4050-851c-23ab4d8f8dad,Erro: ReadTimeout,Erro: ReadTimeout,Erro: ReadTimeout,Erro: ReadTimeout,Erro: ReadTimeout,Erro: ReadTimeout,Erro: ReadTimeout,Erro: ReadTimeout,Erro: ReadTimeout,Erro: ReadTimeout,Erro: ReadTimeout,Erro: ReadTimeout,Erro: ReadTimeout,Erro: ReadTimeout,Erro: ReadTimeout,Erro: ReadTimeout,Erro: ReadTimeout,Erro: ReadTimeout,Erro: ReadTimeout,Erro: ReadTimeout,Erro: ReadTimeout,Erro: ReadTimeout,Erro: ReadTimeout
7779bcee-3fe1-41f6-9b4b-5b1fd84b2989,Erro: ReadTimeout,Erro: ReadTimeout,Erro: ReadTimeout,Erro: ReadTimeout,Erro: ReadTimeout,Erro: ReadTimeout,Erro: ReadTimeout,Erro: ReadTimeout,Erro: ReadTimeout,Erro: ReadTimeout,Erro: ReadTimeout,Erro: ReadTimeout,Erro: ReadTimeout,Erro: ReadTimeout,Erro: ReadTimeout,Erro: ReadTimeout,Erro: ReadTimeout,Erro: ReadTimeout,Erro: ReadTimeout,Erro: ReadTimeout,Erro: ReadTimeout,Erro: ReadTimeout,Erro: ReadTimeout
e7eaec7b-30b7-4f7c-9334-6b4b6ea5df70,Erro: ReadTimeout,Erro: ReadTimeout,Erro: ReadTimeout,Erro: ReadTimeout,Erro: ReadTimeout,Erro: ReadTimeout,Erro: ReadTimeout,Erro: ReadTimeout,Erro: ReadTimeout,Erro: ReadTimeout,Erro: ReadTimeout,Erro: ReadTimeout,Erro: ReadTimeout,Erro: ReadTimeout,Erro: ReadTimeout,Erro: ReadTimeout,Erro: ReadTimeout,Erro: ReadTimeout,Erro: ReadTimeout,Erro: ReadTimeout,Erro: ReadTimeout,Erro: ReadTimeout,Erro: ReadTimeout
59ea1432-1bd8-4574-870e-5b183a174340,Erro: ReadTimeout,Erro: ReadTimeout,Erro: ReadTimeout,Erro: ReadTimeout,Erro: ReadTimeout,Erro: ReadTimeout,Erro: ReadTimeout,Erro: ReadTimeout,Erro: ReadTimeout,Erro: ReadTimeout,Erro: ReadTimeout,Erro: ReadTimeout,Erro: ReadTimeout,Erro: ReadTimeout,Erro: ReadTimeout,Erro: ReadTimeout,Erro: ReadTimeout,Erro: ReadTimeout,Erro: ReadTimeout,Erro: ReadTimeout,Erro: ReadTimeout,Erro: ReadTimeout,Erro: ReadTimeout
eb6eb6bd-cdaf-445d-8a4d-2736f7cef193,Erro: ReadTimeout,Erro: ReadTimeout,Erro: ReadTimeout,Erro: ReadTimeout,Erro: ReadTimeout,Erro: ReadTimeout,Erro: ReadTimeout,Erro: ReadTimeout,Erro: ReadTimeout,Erro: ReadTimeout,Erro: ReadTimeout,Erro: ReadTimeout,Erro: ReadTimeout,Erro: ReadTimeout,Erro: ReadTimeout,Erro: ReadTimeout,Erro: ReadTimeout,Erro: ReadTimeout,Erro: ReadTimeout,Erro: ReadTimeout,Erro: ReadTimeout,Erro: ReadTimeout,Erro: ReadTimeout
1acf47a4-2d59-47a6-b2ac-390b33984d2f,Erro: ReadTimeout,Erro: ReadTimeout,Erro: ReadTimeout,Erro: ReadTimeout,Erro: ReadTimeout,Erro: ReadTimeout,Erro: ReadTimeout,Erro: ReadTimeout,Erro: ReadTimeout,Erro: ReadTimeout,Erro: ReadTimeout,Erro: ReadTimeout,Erro: ReadTimeout,Erro: ReadTimeout,Erro: ReadTimeout,Erro: ReadTimeout,Erro: ReadTimeout,Erro: ReadTimeout,Erro: ReadTimeout,Erro: ReadTimeout,Erro: ReadTimeout,Erro: ReadTimeout,Erro: ReadTimeout
44cd4078-42b0-4a83-8955-efa31cdb2130,Erro: ReadTimeout,Erro: ReadTimeout,Erro: ReadTimeout,Erro: ReadTimeout,Erro: ReadTimeout,Erro: ReadTimeout,Erro: ReadTimeout,Erro: ReadTimeout,Erro: ReadTimeout,Erro: ReadTimeout,Erro: ReadTimeout,Erro: ReadTimeout,Erro: ReadTimeout,Erro: ReadTimeout,Erro: ReadTimeout,Erro: ReadTimeout,Erro: ReadTimeout,Erro: ReadTimeout,Erro: ReadTimeout,Erro: ReadTimeout,Erro: ReadTimeout,Erro: ReadTimeout,Erro: ReadTimeout
464b9e5c-896c-4b9b-a33f-c07e26209911,Erro: ReadTimeout,Erro: ReadTimeout,Erro: ReadTimeout,Erro: ReadTimeout,Erro: ReadTimeout,Erro: ReadTimeout,Erro: ReadTimeout,Erro: ReadTimeout,Erro: ReadTimeout,Erro: ReadTimeout,Erro: ReadTimeout,Erro: ReadTimeout,Erro: ReadTimeout,Erro: ReadTimeout,Erro: ReadTimeout,Erro: ReadTimeout,Erro: ReadTimeout,Erro: ReadTimeout,Erro: ReadTimeout,Erro: ReadTimeout,Erro: ReadTimeout,Erro: ReadTimeout,Erro: ReadTimeout
75b94094-15f2-4631-b2e5-6c922d59e162,Erro: ReadTimeout,Erro: ReadTimeout,Erro: ReadTimeout,Erro: ReadTimeout,Erro: ReadTimeout,Erro: ReadTimeout,Erro: ReadTimeout,Erro: ReadTimeout,Erro: ReadTimeout,Erro: ReadTimeout,Erro: ReadTimeout,Erro: ReadTimeout,Erro: ReadTimeout,Erro: ReadTimeout,Erro: ReadTimeout,Erro: ReadTimeout,Erro: ReadTimeout,Erro: ReadTimeout,Erro: ReadTimeout,Erro: ReadTimeout,Erro: ReadTimeout,Erro: ReadTimeout,Erro: ReadTimeout
aff145d8-d9d6-4a40-87a9-0e75318cadf0,Erro: ReadTimeout,Erro: ReadTimeout,Erro: ReadTimeout,Erro: ReadTimeout,Erro: ReadTimeout,Erro: ReadTimeout,Erro: ReadTimeout,Erro: ReadTimeout,Erro: ReadTimeout,Erro: ReadTimeout,Erro: ReadTimeout,Erro: ReadTimeout,Erro: ReadTimeout,Erro: ReadTimeout,Erro: ReadTimeout,Erro: ReadTimeout,Erro: ReadTimeout,Erro: ReadTimeout,Erro: ReadTimeout,Erro: ReadTimeout,Erro: ReadTimeout,Erro: ReadTimeout,Erro: ReadTimeout
7c320630-e604-473f-8bdc-9dd3c60a0a98,Erro: ReadTimeout,Erro: ReadTimeout,Erro: ReadTimeout,Erro: ReadTimeout,Erro: ReadTimeout,Erro: ReadTimeout,Erro: ReadTimeout,Erro: ReadTimeout,Erro: ReadTimeout,Erro: ReadTimeout,Erro: ReadTimeout,Erro: ReadTimeout,Erro: ReadTimeout,Erro: ReadTimeout,Erro: ReadTimeout,Erro: ReadTimeout,Erro: ReadTimeout,Erro: ReadTimeout,Erro: ReadTimeout,Erro: ReadTimeout,Erro: ReadTimeout,Erro: ReadTimeout,Erro: ReadTimeout
6c193c44-0387-4409-88f7-7434ce1ee7c2,Erro: ReadTimeout,Erro: ReadTimeout,Erro: ReadTimeout,Erro: ReadTimeout,Erro: ReadTimeout,Erro: ReadTimeout,Erro: ReadTimeout,Erro: ReadTimeout,Erro: ReadTimeout,Erro: ReadTimeout,Erro: ReadTimeout,Erro: ReadTimeout,Erro: ReadTimeout,Erro: ReadTimeout,Erro: ReadTimeout,Erro: ReadTimeout,Erro: ReadTimeout,Erro: ReadTimeout,Erro: ReadTimeout,Erro: ReadTimeout,Erro: ReadTimeout,Erro: ReadTimeout,Erro: ReadTimeout
84527695-dd24-42bc-a8db-a5e8830a4eaf,Erro: ReadTimeout,Erro: ReadTimeout,Erro: ReadTimeout,Erro: ReadTimeout,Erro: ReadTimeout,Erro: ReadTimeout,Erro: ReadTimeout,Erro: ReadTimeout,Erro: ReadTimeout,Erro: ReadTimeout,Erro: ReadTimeout,Erro: ReadTimeout,Erro: ReadTimeout,Erro: ReadTimeout,Erro: ReadTimeout,Erro: ReadTimeout,Erro: ReadTimeout,Erro: ReadTimeout,Erro: ReadTimeout,Erro: ReadTimeout,Erro: ReadTimeout,Erro: ReadTimeout,Erro: ReadTimeout
651a153a-1a68-46dd-b985-27d4e7a14fe6,Erro: ReadTimeout,Erro: ReadTimeout,Erro: ReadTimeout,Erro: ReadTimeout,Erro: ReadTimeout,Erro: ReadTimeout,Erro: ReadTimeout,Erro: ReadTimeout,Erro: ReadTimeout,Erro: ReadTimeout,Erro: ReadTimeout,Erro: ReadTimeout,Erro: ReadTimeout,Erro: ReadTimeout,Erro: ReadTimeout,Erro: ReadTimeout,Erro: ReadTimeout,Erro: ReadTimeout,Erro: ReadTimeout,Erro: ReadTimeout,Erro: ReadTimeout,Erro: ReadTimeout,Erro: ReadTimeout
90a36e6f-baa2-4773-ab9d-0118b97f7ccb,Erro: ReadTimeout,Erro: ReadTimeout,Erro: ReadTimeout,Erro: ReadTimeout,Erro: ReadTimeout,Erro: ReadTimeout,Erro: ReadTimeout,Erro: ReadTimeout,Erro: ReadTimeout,Erro: ReadTimeout,Erro: ReadTimeout,Erro: ReadTimeout,Erro: ReadTimeout,Erro: ReadTimeout,Erro: ReadTimeout,Erro: ReadTimeout,Erro: ReadTimeout,Erro: ReadTimeout,Erro: ReadTimeout,Erro: ReadTimeout,Erro: ReadTimeout,Erro: ReadTimeout,Erro: ReadTimeout
b09ae85e-186a-4bf9-9fa6-1767ae6f582b,Erro: ReadTimeout,Erro: ReadTimeout,Erro: ReadTimeout,Erro: ReadTimeout,Erro: ReadTimeout,Erro: ReadTimeout,Erro: ReadTimeout,Erro: ReadTimeout,Erro: ReadTimeout,Erro: ReadTimeout,Erro: ReadTimeout,Erro: ReadTimeout,Erro: ReadTimeout,Erro: ReadTimeout,Erro: ReadTimeout,Erro: ReadTimeout,Erro: ReadTimeout,Erro: ReadTimeout,Erro: ReadTimeout,Erro: ReadTimeout,Erro: ReadTimeout,Erro: ReadTimeout,Erro: ReadTimeout
153a704a-193b-4275-be55-14e7f5dfc7f3,Erro: ReadTimeout,Erro: ReadTimeout,Erro: ReadTimeout,Erro: ReadTimeout,Erro: ReadTimeout,Erro: ReadTimeout,Erro: ReadTimeout,Erro: ReadTimeout,Erro: ReadTimeout,Erro: ReadTimeout,Erro: ReadTimeout,Erro: ReadTimeout,Erro: ReadTimeout,Erro: ReadTimeout,Erro: ReadTimeout,Erro: ReadTimeout,Erro: ReadTimeout,Erro: ReadTimeout,Erro: ReadTimeout,Erro: ReadTimeout,Erro: ReadTimeout,Erro: ReadTimeout,Erro: ReadTimeout
5a877046-b488-496a-870d-60bc12c7a02d,Erro: ReadTimeout,Erro: ReadTimeout,Erro: ReadTimeout,Erro: ReadTimeout,Erro: ReadTimeout,Erro: ReadTimeout,Erro: ReadTimeout,Erro: ReadTimeout,Erro: ReadTimeout,Erro: ReadTimeout,Erro: ReadTimeout,Erro: ReadTimeout,Erro: ReadTimeout,Erro: ReadTimeout,Erro: ReadTimeout,Erro: ReadTimeout,Erro: ReadTimeout,Erro: ReadTimeout,Erro: ReadTimeout,Erro: ReadTimeout,Erro: ReadTimeout,Erro: ReadTimeout,Erro: ReadTimeout
30669a87-2299-40d5-8d0a-3dbc127720e1,Erro: ReadTimeout,Erro: ReadTimeout,Erro: ReadTimeout,Erro: ReadTimeout,Erro: ReadTimeout,Erro: ReadTimeout,Erro: ReadTimeout,Erro: ReadTimeout,Erro: ReadTimeout,Erro: ReadTimeout,Erro: ReadTimeout,Erro: ReadTimeout,Erro: ReadTimeout,Erro: ReadTimeout,Erro: ReadTimeout,Erro: ReadTimeout,Erro: ReadTimeout,Erro: ReadTimeout,Erro: ReadTimeout,Erro: ReadTimeout,Erro: ReadTimeout,Erro: ReadTimeout,Erro: ReadTimeout
191a04ea-53d0-48ae-a139-b4b94bc569f1,Erro: ReadTimeout,Erro: ReadTimeout,Erro: ReadTimeout,Erro: ReadTimeout,Erro: ReadTimeout,Erro: ReadTimeout,Erro: ReadTimeout,Erro: ReadTimeout,Erro: ReadTimeout,Erro: ReadTimeout,Erro: ReadTimeout,Erro: ReadTimeout,Erro: ReadTimeout,Erro: ReadTimeout,Erro: ReadTimeout,Erro: ReadTimeout,Erro: ReadTimeout,Erro: ReadTimeout,Erro: ReadTimeout,Erro: ReadTimeout,Erro: ReadTimeout,Erro: ReadTimeout,Erro: ReadTimeout
d98588a1-06ee-4424-998a-47280cfdcb17,Erro: ReadTimeout,Erro: ReadTimeout,Erro: ReadTimeout,Erro: ReadTimeout,Erro: ReadTimeout,Erro: ReadTimeout,Erro: ReadTimeout,Erro: ReadTimeout,Erro: ReadTimeout,Erro: ReadTimeout,Erro: ReadTimeout,Erro: ReadTimeout,Erro: ReadTimeout,Erro: ReadTimeout,Erro: ReadTimeout,Erro: ReadTimeout,Erro: ReadTimeout,Erro: ReadTimeout,Erro: ReadTimeout,Erro: ReadTimeout,Erro: ReadTimeout,Erro: ReadTimeout,Erro: ReadTimeout
4211d891-42fc-4146-8380-ffb95a60eb7e,Erro: ReadTimeout,Erro: ReadTimeout,Erro: ReadTimeout,Erro: ReadTimeout,Erro: ReadTimeout,Erro: ReadTimeout,Erro: ReadTimeout,Erro: ReadTimeout,Erro: ReadTimeout,Erro: ReadTimeout,Erro: ReadTimeout,Erro: ReadTimeout,Erro: ReadTimeout,Erro: ReadTimeout,Erro: ReadTimeout,Erro: ReadTimeout,Erro: ReadTimeout,Erro: ReadTimeout,Erro: ReadTimeout,Erro: ReadTimeout,Erro: ReadTimeout,Erro: ReadTimeout,Erro: ReadTimeout
0d1dbb0e-ba78-45d3-87b0-2b27bf0708aa,Erro: ReadTimeout,Erro: ReadTimeout,Erro: ReadTimeout,Erro: ReadTimeout,Erro: ReadTimeout,Erro: ReadTimeout,Erro: ReadTimeout,Erro: ReadTimeout,Erro: ReadTimeout,Erro: ReadTimeout,Erro: ReadTimeout,Erro: ReadTimeout,Erro: ReadTimeout,Erro: ReadTimeout,Erro: ReadTimeout,Erro: ReadTimeout,Erro: ReadTimeout,Erro: ReadTimeout,Erro: ReadTimeout,Erro: ReadTimeout,Erro: ReadTimeout,Erro: ReadTimeout,Erro: ReadTimeout
f064cc2f-470e-4bfa-bdb8-9ec3e1ee88db,Erro: ReadTimeout,Erro: ReadTimeout,Erro: ReadTimeout,Erro: ReadTimeout,Erro: ReadTimeout,Erro: ReadTimeout,Erro: ReadTimeout,Erro: ReadTimeout,Erro: ReadTimeout,Erro: ReadTimeout,Erro: ReadTimeout,Erro: ReadTimeout,Erro: ReadTimeout,Erro: ReadTimeout,Erro: ReadTimeout,Erro: ReadTimeout,Erro: ReadTimeout,Erro: ReadTimeout,Erro: ReadTimeout,Erro: ReadTimeout,Erro: ReadTimeout,Erro: ReadTimeout,Erro: ReadTimeout
734bc6af-77a2-4447-a967-ce5143be0e6c,Erro: ReadTimeout,Erro: ReadTimeout,Erro: ReadTimeout,Erro: ReadTimeout,Erro: ReadTimeout,Erro: ReadTimeout,Erro: ReadTimeout,Erro: ReadTimeout,Erro: ReadTimeout,Erro: ReadTimeout,Erro: ReadTimeout,Erro: ReadTimeout,Erro: ReadTimeout,Erro: ReadTimeout,Erro: ReadTimeout,Erro: ReadTimeout,Erro: ReadTimeout,Erro: ReadTimeout,Erro: ReadTimeout,Erro: ReadTimeout,Erro: ReadTimeout,Erro: ReadTimeout,Erro: ReadTimeout
c2c9e296-6790-49b0-bc64-8d22e51de904,Erro: ReadTimeout,Erro: ReadTimeout,Erro: ReadTimeout,Erro: ReadTimeout,Erro: ReadTimeout,Erro: ReadTimeout,Erro: ReadTimeout,Erro: ReadTimeout,Erro: ReadTimeout,Erro: ReadTimeout,Erro: ReadTimeout,Erro: ReadTimeout,Erro: ReadTimeout,Erro: ReadTimeout,Erro: ReadTimeout,Erro: ReadTimeout,Erro: ReadTimeout,Erro: ReadTimeout,Erro: ReadTimeout,Erro: ReadTimeout,Erro: ReadTimeout,Erro: ReadTimeout,Erro: ReadTimeout
d71f7fad-3824-411b-9747-35cdb603747e,Erro: ReadTimeout,Erro: ReadTimeout,Erro: ReadTimeout,Erro: ReadTimeout,Erro: ReadTimeout,Erro: ReadTimeout,Erro: ReadTimeout,Erro: ReadTimeout,Erro: ReadTimeout,Erro: ReadTimeout,Erro: ReadTimeout,Erro: ReadTimeout,Erro: ReadTimeout,Erro: ReadTimeout,Erro: ReadTimeout,Erro: ReadTimeout,Erro: ReadTimeout,Erro: ReadTimeout,Erro: ReadTimeout,Erro: ReadTimeout,Erro: ReadTimeout,Erro: ReadTimeout,Erro: ReadTimeout
9010ae8c-9060-43b2-8c93-7ef86e02b192,Erro: ReadTimeout,Erro: ReadTimeout,Erro: ReadTimeout,Erro: ReadTimeout,Erro: ReadTimeout,Erro: ReadTimeout,Erro: ReadTimeout,Erro: ReadTimeout,Erro: ReadTimeout,Erro: ReadTimeout,Erro: ReadTimeout,Erro: ReadTimeout,Erro: ReadTimeout,Erro: ReadTimeout,Erro: ReadTimeout,Erro: ReadTimeout,Erro: ReadTimeout,Erro: ReadTimeout,Erro: ReadTimeout,Erro: ReadTimeout,Erro: ReadTimeout,Erro: ReadTimeout,Erro: ReadTimeout
9e65bed1-a689-4502-be7a-d9478e64cc21,Erro: ReadTimeout,Erro: ReadTimeout,Erro: ReadTimeout,Erro: ReadTimeout,Erro: ReadTimeout,Erro: ReadTimeout,Erro: ReadTimeout,Erro: ReadTimeout,Erro: ReadTimeout,Erro: ReadTimeout,Erro: ReadTimeout,Erro: ReadTimeout,Erro: ReadTimeout,Erro: ReadTimeout,Erro: ReadTimeout,Erro: ReadTimeout,Erro: ReadTimeout,Erro: ReadTimeout,Erro: ReadTimeout,Erro: ReadTimeout,Erro: ReadTimeout,Erro: ReadTimeout,Erro: ReadTimeout
218fbb22-0e18-43df-bf17-5450bdd3c0dc,Erro: ReadTimeout,Erro: ReadTimeout,Erro: ReadTimeout,Erro: ReadTimeout,Erro: ReadTimeout,Erro: ReadTimeout,Erro: ReadTimeout,Erro: ReadTimeout,Erro: ReadTimeout,Erro: ReadTimeout,Erro: ReadTimeout,Erro: ReadTimeout,Erro: ReadTimeout,Erro: ReadTimeout,Erro: ReadTimeout,Erro: ReadTimeout,Erro: ReadTimeout,Erro: ReadTimeout,Erro: ReadTimeout,Erro: ReadTimeout,Erro: ReadTimeout,Erro: ReadTimeout,Erro: ReadTimeout
b86af630-941d-43a4-9f77-8968311982da,Erro: ReadTimeout,Erro: ReadTimeout,Erro: ReadTimeout,Erro: ReadTimeout,Erro: ReadTimeout,Erro: ReadTimeout,Erro: ReadTimeout,Erro: ReadTimeout,Erro: ReadTimeout,Erro: ReadTimeout,Erro: ReadTimeout,Erro: ReadTimeout,Erro: ReadTimeout,Erro: ReadTimeout,Erro: ReadTimeout,Erro: ReadTimeout,Erro: ReadTimeout,Erro: ReadTimeout,Erro: ReadTimeout,Erro: ReadTimeout,Erro: ReadTimeout,Erro: ReadTimeout,Erro: ReadTimeout
8467bf36-e121-463f-b997-0a39002e6498,Erro: ReadTimeout,Erro: ReadTimeout,Erro: ReadTimeout,Erro: ReadTimeout,Erro: ReadTimeout,Erro: ReadTimeout,Erro: ReadTimeout,Erro: ReadTimeout,Erro: ReadTimeout,Erro: ReadTimeout,Erro: ReadTimeout,Erro: ReadTimeout,Erro: ReadTimeout,Erro: ReadTimeout,Erro: ReadTimeout,Erro: ReadTimeout,Erro: ReadTimeout,Erro: ReadTimeout,Erro: ReadTimeout,Erro: ReadTimeout,Erro: ReadTimeout,Erro: ReadTimeout,Erro: ReadTimeout
97d471b7-9648-49ab-ac1f-ea1710e084fe,Erro: ReadTimeout,Erro: ReadTimeout,Erro: ReadTimeout,Erro: ReadTimeout,Erro: ReadTimeout,Erro: ReadTimeout,Erro: ReadTimeout,Erro: ReadTimeout,Erro: ReadTimeout,Erro: ReadTimeout,Erro: ReadTimeout,Erro: ReadTimeout,Erro: ReadTimeout,Erro: ReadTimeout,Erro: ReadTimeout,Erro: ReadTimeout,Erro: ReadTimeout,Erro: ReadTimeout,Erro: ReadTimeout,Erro: ReadTimeout,Erro: ReadTimeout,Erro: ReadTimeout,Erro: ReadTimeout
390087b5-b5cc-48f9-b29e-be23cd49df47,Erro: ReadTimeout,Erro: ReadTimeout,Erro: ReadTimeout,Erro: ReadTimeout,Erro: ReadTimeout,Erro: ReadTimeout,Erro: ReadTimeout,Erro: ReadTimeout,Erro: ReadTimeout,Erro: ReadTimeout,Erro: ReadTimeout,Erro: ReadTimeout,Erro: ReadTimeout,Erro: ReadTimeout,Erro: ReadTimeout,Erro: ReadTimeout,Erro: ReadTimeout,Erro: ReadTimeout,Erro: ReadTimeout,Erro: ReadTimeout,Erro: ReadTimeout,Erro: ReadTimeout,Erro: ReadTimeout
3cde796c-7233-4bb0-aab4-c4a1dc3b178a,Erro: ReadTimeout,Erro: ReadTimeout,Erro: ReadTimeout,Erro: ReadTimeout,Erro: ReadTimeout,Erro: ReadTimeout,Erro: ReadTimeout,Erro: ReadTimeout,Erro: ReadTimeout,Erro: ReadTimeout,Erro: ReadTimeout,Erro: ReadTimeout,Erro: ReadTimeout,Erro: ReadTimeout,Erro: ReadTimeout,Erro: ReadTimeout,Erro: ReadTimeout,Erro: ReadTimeout,Erro: ReadTimeout,Erro: ReadTimeout,Erro: ReadTimeout,Erro: ReadTimeout,Erro: ReadTimeout
c22453be-53b3-42e8-993c-044445988e3b,Erro: ReadTimeout,Erro: ReadTimeout,Erro: ReadTimeout,Erro: ReadTimeout,Erro: ReadTimeout,Erro: ReadTimeout,Erro: ReadTimeout,Erro: ReadTimeout,Erro: ReadTimeout,Erro: ReadTimeout,Erro: ReadTimeout,Erro: ReadTimeout,Erro: ReadTimeout,Erro: ReadTimeout,Erro: ReadTimeout,Erro: ReadTimeout,Erro: ReadTimeout,Erro: ReadTimeout,Erro: ReadTimeout,Erro: ReadTimeout,Erro: ReadTimeout,Erro: ReadTimeout,Erro: ReadTimeout
7f935c06-6680-4853-8f8a-ca142c7a2e93,Erro: ReadTimeout,Erro: ReadTimeout,Erro: ReadTimeout,Erro: ReadTimeout,Erro: ReadTimeout,Erro: ReadTimeout,Erro: ReadTimeout,Erro: ReadTimeout,Erro: ReadTimeout,Erro: ReadTimeout,Erro: ReadTimeout,Erro: ReadTimeout,Erro: ReadTimeout,Erro: ReadTimeout,Erro: ReadTimeout,Erro: ReadTimeout,Erro: ReadTimeout,Erro: ReadTimeout,Erro: ReadTimeout,Erro: ReadTimeout,Erro: ReadTimeout,Erro: ReadTimeout,Erro: ReadTimeout
dde7ec88-7ae3-48b0-81ae-4f84c82653ab,Erro: ReadTimeout,Erro: ReadTimeout,Erro: ReadTimeout,Erro: ReadTimeout,Erro: ReadTimeout,Erro: ReadTimeout,Erro: ReadTimeout,Erro: ReadTimeout,Erro: ReadTimeout,Erro: ReadTimeout,Erro: ReadTimeout,Erro: ReadTimeout,Erro: ReadTimeout,Erro: ReadTimeout,Erro: ReadTimeout,Erro: ReadTimeout,Erro: ReadTimeout,Erro: ReadTimeout,Erro: ReadTimeout,Erro: ReadTimeout,Erro: ReadTimeout,Erro: ReadTimeout,Erro: ReadTimeout
d9a3e730-68e0-4064-b6f0-437ccb2bd32a,Erro: ReadTimeout,Erro: ReadTimeout,Erro: ReadTimeout,Erro: ReadTimeout,Erro: ReadTimeout,Erro: ReadTimeout,Erro: ReadTimeout,Erro: ReadTimeout,Erro: ReadTimeout,Erro: ReadTimeout,Erro: ReadTimeout,Erro: ReadTimeout,Erro: ReadTimeout,Erro: ReadTimeout,Erro: ReadTimeout,Erro: ReadTimeout,Erro: ReadTimeout,Erro: ReadTimeout,Erro: ReadTimeout,Erro: ReadTimeout,Erro: ReadTimeout,Erro: ReadTimeout,Erro: ReadTimeout
c147867e-e4e5-4f88-82f7-2465578ba171,Erro: ReadTimeout,Erro: ReadTimeout,Erro: ReadTimeout,Erro: ReadTimeout,Erro: ReadTimeout,Erro: ReadTimeout,Erro: ReadTimeout,Erro: ReadTimeout,Erro: ReadTimeout,Erro: ReadTimeout,Erro: ReadTimeout,Erro: ReadTimeout,Erro: ReadTimeout,Erro: ReadTimeout,Erro: ReadTimeout,Erro: ReadTimeout,Erro: ReadTimeout,Erro: ReadTimeout,Erro: ReadTimeout,Erro: ReadTimeout,Erro: ReadTimeout,Erro: ReadTimeout,Erro: ReadTimeout
71ba7c56-3e8e-47e8-bbf6-c5e8b7cc6b6b,Erro: ReadTimeout,Erro: ReadTimeout,Erro: ReadTimeout,Erro: ReadTimeout,Erro: ReadTimeout,Erro: ReadTimeout,Erro: ReadTimeout,Erro: ReadTimeout,Erro: ReadTimeout,Erro: ReadTimeout,Erro: ReadTimeout,Erro: ReadTimeout,Erro: ReadTimeout,Erro: ReadTimeout,Erro: ReadTimeout,Erro: ReadTimeout,Erro: ReadTimeout,Erro: ReadTimeout,Erro: ReadTimeout,Erro: ReadTimeout,Erro: ReadTimeout,Erro: ReadTimeout,Erro: ReadTimeout
130c9dbb-4dc6-4069-857f-cf310e08b519,Erro: ReadTimeout,Erro: ReadTimeout,Erro: ReadTimeout,Erro: ReadTimeout,Erro: ReadTimeout,Erro: ReadTimeout,Erro: ReadTimeout,Erro: ReadTimeout,Erro: ReadTimeout,Erro: ReadTimeout,Erro: ReadTimeout,Erro: ReadTimeout,Erro: ReadTimeout,Erro: ReadTimeout,Erro: ReadTimeout,Erro: ReadTimeout,Erro: ReadTimeout,Erro: ReadTimeout,Erro: ReadTimeout,Erro: ReadTimeout,Erro: ReadTimeout,Erro: ReadTimeout,Erro: ReadTimeout
bb99829c-ee0f-4be9-850e-e6c8a8b9ac3c,Erro: ReadTimeout,Erro: ReadTimeout,Erro: ReadTimeout,Erro: ReadTimeout,Erro: ReadTimeout,Erro: ReadTimeout,Erro: ReadTimeout,Erro: ReadTimeout,Erro: ReadTimeout,Erro: ReadTimeout,Erro: ReadTimeout,Erro: ReadTimeout,Erro: ReadTimeout,Erro: ReadTimeout,Erro: ReadTimeout,Erro: ReadTimeout,Erro: ReadTimeout,Erro: ReadTimeout,Erro: ReadTimeout,Erro: ReadTimeout,Erro: ReadTimeout,Erro: ReadTimeout,Erro: ReadTimeout
6bc82e39-143a-417c-90fa-23b31dbb7bdb,Erro: ReadTimeout,Erro: ReadTimeout,Erro: ReadTimeout,Erro: ReadTimeout,Erro: ReadTimeout,Erro: ReadTimeout,Erro: ReadTimeout,Erro: ReadTimeout,Erro: ReadTimeout,Erro: ReadTimeout,Erro: ReadTimeout,Erro: ReadTimeout,Erro: ReadTimeout,Erro: ReadTimeout,Erro: ReadTimeout,Erro: ReadTimeout,Erro: ReadTimeout,Erro: ReadTimeout,Erro: ReadTimeout,Erro: ReadTimeout,Erro: ReadTimeout,Erro: ReadTimeout,Erro: ReadTimeout
a06011b4-bc21-4fa7-a9e8-48674a98e57a,Erro: ReadTimeout,Erro: ReadTimeout,Erro: ReadTimeout,Erro: ReadTimeout,Erro: ReadTimeout,Erro: ReadTimeout,Erro: ReadTimeout,Erro: ReadTimeout,Erro: ReadTimeout,Erro: ReadTimeout,Erro: ReadTimeout,Erro: ReadTimeout,Erro: ReadTimeout,Erro: ReadTimeout,Erro: ReadTimeout,Erro: ReadTimeout,Erro: ReadTimeout,Erro: ReadTimeout,Erro: ReadTimeout,Erro: ReadTimeout,Erro: ReadTimeout,Erro: ReadTimeout,Erro: ReadTimeout
b84d54bb-9558-4e1a-8c8a-689ba18b82b8,Erro: ReadTimeout,Erro: ReadTimeout,Erro: ReadTimeout,Erro: ReadTimeout,Erro: ReadTimeout,Erro: ReadTimeout,Erro: ReadTimeout,Erro: ReadTimeout,Erro: ReadTimeout,Erro: ReadTimeout,Erro: ReadTimeout,Erro: ReadTimeout,Erro: ReadTimeout,Erro: ReadTimeout,Erro: ReadTimeout,Erro: ReadTimeout,Erro: ReadTimeout,Erro: ReadTimeout,Erro: ReadTimeout,Erro: ReadTimeout,Erro: ReadTimeout,Erro: ReadTimeout,Erro: ReadTimeout
0a54a5c1-e5bc-442c-bec5-0d1b02e70852,Erro: ReadTimeout,Erro: ReadTimeout,Erro: ReadTimeout,Erro: ReadTimeout,Erro: ReadTimeout,Erro: ReadTimeout,Erro: ReadTimeout,Erro: ReadTimeout,Erro: ReadTimeout,Erro: ReadTimeout,Erro: ReadTimeout,Erro: ReadTimeout,Erro: ReadTimeout,Erro: ReadTimeout,Erro: ReadTimeout,Erro: ReadTimeout,Erro: ReadTimeout,Erro: ReadTimeout,Erro: ReadTimeout,Erro: ReadTimeout,Erro: ReadTimeout,Erro: ReadTimeout,Erro: ReadTimeout
5bab5aaf-029c-4f53-aeb9-dd613c18341e,Erro: ReadTimeout,Erro: ReadTimeout,Erro: ReadTimeout,Erro: ReadTimeout,Erro: ReadTimeout,Erro: ReadTimeout,Erro: ReadTimeout,Erro: ReadTimeout,Erro: ReadTimeout,Erro: ReadTimeout,Erro: ReadTimeout,Erro: ReadTimeout,Erro: ReadTimeout,Erro: ReadTimeout,Erro: ReadTimeout,Erro: ReadTimeout,Erro: ReadTimeout,Erro: ReadTimeout,Erro: ReadTimeout,Erro: ReadTimeout,Erro: ReadTimeout,Erro: ReadTimeout,Erro: ReadTimeout
1dc2fb2a-5acf-4492-9b58-0f22eed0256e,Erro: ReadTimeout,Erro: ReadTimeout,Erro: ReadTimeout,Erro: ReadTimeout,Erro: ReadTimeout,Erro: ReadTimeout,Erro: ReadTimeout,Erro: ReadTimeout,Erro: ReadTimeout,Erro: ReadTimeout,Erro: ReadTimeout,Erro: ReadTimeout,Erro: ReadTimeout,Erro: ReadTimeout,Erro: ReadTimeout,Erro: ReadTimeout,Erro: ReadTimeout,Erro: ReadTimeout,Erro: ReadTimeout,Erro: ReadTimeout,Erro: ReadTimeout,Erro: ReadTimeout,Erro: ReadTimeout
6b5a70d0-8239-4e4a-9a82-282c5b5b5b6f,Erro: ReadTimeout,Erro: ReadTimeout,Erro: ReadTimeout,Erro: ReadTimeout,Erro: ReadTimeout,Erro: ReadTimeout,Erro: ReadTimeout,Erro: ReadTimeout,Erro: ReadTimeout,Erro: ReadTimeout,Erro: ReadTimeout,Erro: ReadTimeout,Erro: ReadTimeout,Erro: ReadTimeout,Erro: ReadTimeout,Erro: ReadTimeout,Erro: ReadTimeout,Erro: ReadTimeout,Erro: ReadTimeout,Erro: ReadTimeout,Erro: ReadTimeout,Erro: ReadTimeout,Erro: ReadTimeout
6aae4b5e-e0b6-42ac-ab48-d989bed57039,Erro: ReadTimeout,Erro: ReadTimeout,Erro: ReadTimeout,Erro: ReadTimeout,Erro: ReadTimeout,Erro: ReadTimeout,Erro: ReadTimeout,Erro: ReadTimeout,Erro: ReadTimeout,Erro: ReadTimeout,Erro: ReadTimeout,Erro: ReadTimeout,Erro: ReadTimeout,Erro: ReadTimeout,Erro: ReadTimeout,Erro: ReadTimeout,Erro: ReadTimeout,Erro: ReadTimeout,Erro: ReadTimeout,Erro: ReadTimeout,Erro: ReadTimeout,Erro: ReadTimeout,Erro: ReadTimeout
2b2ceaa5-4d64-4e4b-bd66-2e6eb7004be9,Erro: ReadTimeout,Erro: ReadTimeout,Erro: ReadTimeout,Erro: ReadTimeout,Erro: ReadTimeout,Erro: ReadTimeout,Erro: ReadTimeout,Erro: ReadTimeout,Erro: ReadTimeout,Erro: ReadTimeout,Erro: ReadTimeout,Erro: ReadTimeout,Erro: ReadTimeout,Erro: ReadTimeout,Erro: ReadTimeout,Erro: ReadTimeout,Erro: ReadTimeout,Erro: ReadTimeout,Erro: ReadTimeout,Erro: ReadTimeout,Erro: ReadTimeout,Erro: ReadTimeout,Erro: ReadTimeout
6e20e506-c99a-4bee-9575-1ca7a0b35c5c,Erro: ReadTimeout,Erro: ReadTimeout,Erro: ReadTimeout,Erro: ReadTimeout,Erro: ReadTimeout,Erro: ReadTimeout,Erro: ReadTimeout,Erro: ReadTimeout,Erro: ReadTimeout,Erro: ReadTimeout,Erro: ReadTimeout,Erro: ReadTimeout,Erro: ReadTimeout,Erro: ReadTimeout,Erro: ReadTimeout,Erro: ReadTimeout,Erro: ReadTimeout,Erro: ReadTimeout,Erro: ReadTimeout,Erro: ReadTimeout,Erro: ReadTimeout,Erro: ReadTimeout,Erro: ReadTimeout
510de519-01fb-4129-ae7f-88e05fb446fe,Erro: ReadTimeout,Erro: ReadTimeout,Erro: ReadTimeout,Erro: ReadTimeout,Erro: ReadTimeout,Erro: ReadTimeout,Erro: ReadTimeout,Erro: ReadTimeout,Erro: ReadTimeout,Erro: ReadTimeout,Erro: ReadTimeout,Erro: ReadTimeout,Erro: ReadTimeout,Erro: ReadTimeout,Erro: ReadTimeout,Erro: ReadTimeout,Erro: ReadTimeout,Erro: ReadTimeout,Erro: ReadTimeout,Erro: ReadTimeout,Erro: ReadTimeout,Erro: ReadTimeout,Erro: ReadTimeout
76945b95-8813-44c8-9920-f3c0d115665f,Erro: ReadTimeout,Erro: ReadTimeout,Erro: ReadTimeout,Erro: ReadTimeout,Erro: ReadTimeout,Erro: ReadTimeout,Erro: ReadTimeout,Erro: ReadTimeout,Erro: ReadTimeout,Erro: ReadTimeout,Erro: ReadTimeout,Erro: ReadTimeout,Erro: ReadTimeout,Erro: ReadTimeout,Erro: ReadTimeout,Erro: ReadTimeout,Erro: ReadTimeout,Erro: ReadTimeout,Erro: ReadTimeout,Erro: ReadTimeout,Erro: ReadTimeout,Erro: ReadTimeout,Erro: ReadTimeout
3c254b01-3cf2-4e08-b2c3-5b6efa81dfcd,Erro: ReadTimeout,Erro: ReadTimeout,Erro: ReadTimeout,Erro: ReadTimeout,Erro: ReadTimeout,Erro: ReadTimeout,Erro: ReadTimeout,Erro: ReadTimeout,Erro: ReadTimeout,Erro: ReadTimeout,Erro: ReadTimeout,Erro: ReadTimeout,Erro: ReadTimeout,Erro: ReadTimeout,Erro: ReadTimeout,Erro: ReadTimeout,Erro: ReadTimeout,Erro: ReadTimeout,Erro: ReadTimeout,Erro: ReadTimeout,Erro: ReadTimeout,Erro: ReadTimeout,Erro: ReadTimeout
5a209758-6bbb-49ad-87dc-e26e718aeb98,Erro: ReadTimeout,Erro: ReadTimeout,Erro: ReadTimeout,Erro: ReadTimeout,Erro: ReadTimeout,Erro: ReadTimeout,Erro: ReadTimeout,Erro: ReadTimeout,Erro: ReadTimeout,Erro: ReadTimeout,Erro: ReadTimeout,Erro: ReadTimeout,Erro: ReadTimeout,Erro: ReadTimeout,Erro: ReadTimeout,Erro: ReadTimeout,Erro: ReadTimeout,Erro: ReadTimeout,Erro: ReadTimeout,Erro: ReadTimeout,Erro: ReadTimeout,Erro: ReadTimeout,Erro: ReadTimeout
65f14f47-1411-44b6-80fc-fbfd2e693561,Erro: ReadTimeout,Erro: ReadTimeout,Erro: ReadTimeout,Erro: ReadTimeout,Erro: ReadTimeout,Erro: ReadTimeout,Erro: ReadTimeout,Erro: ReadTimeout,Erro: ReadTimeout,Erro: ReadTimeout,Erro: ReadTimeout,Erro: ReadTimeout,Erro: ReadTimeout,Erro: ReadTimeout,Erro: ReadTimeout,Erro: ReadTimeout,Erro: ReadTimeout,Erro: ReadTimeout,Erro: ReadTimeout,Erro: ReadTimeout,Erro: ReadTimeout,Erro: ReadTimeout,Erro: ReadTimeout
ec44ceb9-823b-427f-bf0e-62f951bd2f83,Erro: ReadTimeout,Erro: ReadTimeout,Erro: ReadTimeout,Erro: ReadTimeout,Erro: ReadTimeout,Erro: ReadTimeout,Erro: ReadTimeout,Erro: ReadTimeout,Erro: ReadTimeout,Erro: ReadTimeout,Erro: ReadTimeout,Erro: ReadTimeout,Erro: ReadTimeout,Erro: ReadTimeout,Erro: ReadTimeout,Erro: ReadTimeout,Erro: ReadTimeout,Erro: ReadTimeout,Erro: ReadTimeout,Erro: ReadTimeout,Erro: ReadTimeout,Erro: ReadTimeout,Erro: ReadTimeout
80d11795-e92e-4666-95f3-6b92c2a35cb9,Erro: ReadTimeout,Erro: ReadTimeout,Erro: ReadTimeout,Erro: ReadTimeout,Erro: ReadTimeout,Erro: ReadTimeout,Erro: ReadTimeout,Erro: ReadTimeout,Erro: ReadTimeout,Erro: ReadTimeout,Erro: ReadTimeout,Erro: ReadTimeout,Erro: ReadTimeout,Erro: ReadTimeout,Erro: ReadTimeout,Erro: ReadTimeout,Erro: ReadTimeout,Erro: ReadTimeout,Erro: ReadTimeout,Erro: ReadTimeout,Erro: ReadTimeout,Erro: ReadTimeout,Erro: ReadTimeout
ffb78704-9433-40d1-9d61-af917924f5a1,Erro: ReadTimeout,Erro: ReadTimeout,Erro: ReadTimeout,Erro: ReadTimeout,Erro: ReadTimeout,Erro: ReadTimeout,Erro: ReadTimeout,Erro: ReadTimeout,Erro: ReadTimeout,Erro: ReadTimeout,Erro: ReadTimeout,Erro: ReadTimeout,Erro: ReadTimeout,Erro: ReadTimeout,Erro: ReadTimeout,Erro: ReadTimeout,Erro: ReadTimeout,Erro: ReadTimeout,Erro: ReadTimeout,Erro: ReadTimeout,Erro: ReadTimeout,Erro: ReadTimeout,Erro: ReadTimeout
b4515555-143a-46d4-b04b-737132ae83fa,Erro: ReadTimeout,Erro: ReadTimeout,Erro: ReadTimeout,Erro: ReadTimeout,Erro: ReadTimeout,Erro: ReadTimeout,Erro: ReadTimeout,Erro: ReadTimeout,Erro: ReadTimeout,Erro: ReadTimeout,Erro: ReadTimeout,Erro: ReadTimeout,Erro: ReadTimeout,Erro: ReadTimeout,Erro: ReadTimeout,Erro: ReadTimeout,Erro: ReadTimeout,Erro: ReadTimeout,Erro: ReadTimeout,Erro: ReadTimeout,Erro: ReadTimeout,Erro: ReadTimeout,Erro: ReadTimeout
f857e215-6ed4-4a7c-937e-aca06cdffc43,Erro: ReadTimeout,Erro: ReadTimeout,Erro: ReadTimeout,Erro: ReadTimeout,Erro: ReadTimeout,Erro: ReadTimeout,Erro: ReadTimeout,Erro: ReadTimeout,Erro: ReadTimeout,Erro: ReadTimeout,Erro: ReadTimeout,Erro: ReadTimeout,Erro: ReadTimeout,Erro: ReadTimeout,Erro: ReadTimeout,Erro: ReadTimeout,Erro: ReadTimeout,Erro: ReadTimeout,Erro: ReadTimeout,Erro: ReadTimeout,Erro: ReadTimeout,Erro: ReadTimeout,Erro: ReadTimeout
98f1c849-bd13-454b-b956-4940de5ae1c3,Erro: ReadTimeout,Erro: ReadTimeout,Erro: ReadTimeout,Erro: ReadTimeout,Erro: ReadTimeout,Erro: ReadTimeout,Erro: ReadTimeout,Erro: ReadTimeout,Erro: ReadTimeout,Erro: ReadTimeout,Erro: ReadTimeout,Erro: ReadTimeout,Erro: ReadTimeout,Erro: ReadTimeout,Erro: ReadTimeout,Erro: ReadTimeout,Erro: ReadTimeout,Erro: ReadTimeout,Erro: ReadTimeout,Erro: ReadTimeout,Erro: ReadTimeout,Erro: ReadTimeout,Erro: ReadTimeout
d75ad856-f5cf-495f-9c77-69298bf32699,Erro: ReadTimeout,Erro: ReadTimeout,Erro: ReadTimeout,Erro: ReadTimeout,Erro: ReadTimeout,Erro: ReadTimeout,Erro: ReadTimeout,Erro: ReadTimeout,Erro: ReadTimeout,Erro: ReadTimeout,Erro: ReadTimeout,Erro: ReadTimeout,Erro: ReadTimeout,Erro: ReadTimeout,Erro: ReadTimeout,Erro: ReadTimeout,Erro: ReadTimeout,Erro: ReadTimeout,Erro: ReadTimeout,Erro: ReadTimeout,Erro: ReadTimeout,Erro: ReadTimeout,Erro: ReadTimeout
229a579a-bfc2-41e0-aa23-e95744f505a3,Erro: ReadTimeout,Erro: ReadTimeout,Erro: ReadTimeout,Erro: ReadTimeout,Erro: ReadTimeout,Erro: ReadTimeout,Erro: ReadTimeout,Erro: ReadTimeout,Erro: ReadTimeout,Erro: ReadTimeout,Erro: ReadTimeout,Erro: ReadTimeout,Erro: ReadTimeout,Erro: ReadTimeout,Erro: ReadTimeout,Erro: ReadTimeout,Erro: ReadTimeout,Erro: ReadTimeout,Erro: ReadTimeout,Erro: ReadTimeout,Erro: ReadTimeout,Erro: ReadTimeout,Erro: ReadTimeout
63f8f489-8110-45ad-b75d-54b941245c7e,Erro: ReadTimeout,Erro: ReadTimeout,Erro: ReadTimeout,Erro: ReadTimeout,Erro: ReadTimeout,Erro: ReadTimeout,Erro: ReadTimeout,Erro: ReadTimeout,Erro: ReadTimeout,Erro: ReadTimeout,Erro: ReadTimeout,Erro: ReadTimeout,Erro: ReadTimeout,Erro: ReadTimeout,Erro: ReadTimeout,Erro: ReadTimeout,Erro: ReadTimeout,Erro: ReadTimeout,Erro: ReadTimeout,Erro: ReadTimeout,Erro: ReadTimeout,Erro: ReadTimeout,Erro: ReadTimeout
24a702fd-12e4-4b5e-924e-38f52b3fb788,Erro: ReadTimeout,Erro: ReadTimeout,Erro: ReadTimeout,Erro: ReadTimeout,Erro: ReadTimeout,Erro: ReadTimeout,Erro: ReadTimeout,Erro: ReadTimeout,Erro: ReadTimeout,Erro: ReadTimeout,Erro: ReadTimeout,Erro: ReadTimeout,Erro: ReadTimeout,Erro: ReadTimeout,Erro: ReadTimeout,Erro: ReadTimeout,Erro: ReadTimeout,Erro: ReadTimeout,Erro: ReadTimeout,Erro: ReadTimeout,Erro: ReadTimeout,Erro: ReadTimeout,Erro: ReadTimeout
29e5668e-73a3-4d34-b673-8f0787e5774b,Erro: ReadTimeout,Erro: ReadTimeout,Erro: ReadTimeout,Erro: ReadTimeout,Erro: ReadTimeout,Erro: ReadTimeout,Erro: ReadTimeout,Erro: ReadTimeout,Erro: ReadTimeout,Erro: ReadTimeout,Erro: ReadTimeout,Erro: ReadTimeout,Erro: ReadTimeout,Erro: ReadTimeout,Erro: ReadTimeout,Erro: ReadTimeout,Erro: ReadTimeout,Erro: ReadTimeout,Erro: ReadTimeout,Erro: ReadTimeout,Erro: ReadTimeout,Erro: ReadTimeout,Erro: ReadTimeout
870432be-2fa4-4b58-bc96-df5357403831,Erro: ReadTimeout,Erro: ReadTimeout,Erro: ReadTimeout,Erro: ReadTimeout,Erro: ReadTimeout,Erro: ReadTimeout,Erro: ReadTimeout,Erro: ReadTimeout,Erro: ReadTimeout,Erro: ReadTimeout,Erro: ReadTimeout,Erro: ReadTimeout,Erro: ReadTimeout,Erro: ReadTimeout,Erro: ReadTimeout,Erro: ReadTimeout,Erro: ReadTimeout,Erro: ReadTimeout,Erro: ReadTimeout,Erro: ReadTimeout,Erro: ReadTimeout,Erro: ReadTimeout,Erro: ReadTimeout
6537d77d-b6d2-4d8a-9987-b57fb53f2d2d,Erro: ReadTimeout,Erro: ReadTimeout,Erro: ReadTimeout,Erro: ReadTimeout,Erro: ReadTimeout,Erro: ReadTimeout,Erro: ReadTimeout,Erro: ReadTimeout,Erro: ReadTimeout,Erro: ReadTimeout,Erro: ReadTimeout,Erro: ReadTimeout,Erro: ReadTimeout,Erro: ReadTimeout,Erro: ReadTimeout,Erro: ReadTimeout,Erro: ReadTimeout,Erro: ReadTimeout,Erro: ReadTimeout,Erro: ReadTimeout,Erro: ReadTimeout,Erro: ReadTimeout,Erro: ReadTimeout
95e9734f-c26a-40eb-b298-6082143b96ca,Erro: ReadTimeout,Erro: ReadTimeout,Erro: ReadTimeout,Erro: ReadTimeout,Erro: ReadTimeout,Erro: ReadTimeout,Erro: ReadTimeout,Erro: ReadTimeout,Erro: ReadTimeout,Erro: ReadTimeout,Erro: ReadTimeout,Erro: ReadTimeout,Erro: ReadTimeout,Erro: ReadTimeout,Erro: ReadTimeout,Erro: ReadTimeout,Erro: ReadTimeout,Erro: ReadTimeout,Erro: ReadTimeout,Erro: ReadTimeout,Erro: ReadTimeout,Erro: ReadTimeout,Erro: ReadTimeout
980f56b8-ee2a-4357-9039-d04f62fb0fb7,Erro: ReadTimeout,Erro: ReadTimeout,Erro: ReadTimeout,Erro: ReadTimeout,Erro: ReadTimeout,Erro: ReadTimeout,Erro: ReadTimeout,Erro: ReadTimeout,Erro: ReadTimeout,Erro: ReadTimeout,Erro: ReadTimeout,Erro: ReadTimeout,Erro: ReadTimeout,Erro: ReadTimeout,Erro: ReadTimeout,Erro: ReadTimeout,Erro: ReadTimeout,Erro: ReadTimeout,Erro: ReadTimeout,Erro: ReadTimeout,Erro: ReadTimeout,Erro: ReadTimeout,Erro: ReadTimeout
8320414a-6b8f-40c5-b3d6-c6240c948458,Erro: ReadTimeout,Erro: ReadTimeout,Erro: ReadTimeout,Erro: ReadTimeout,Erro: ReadTimeout,Erro: ReadTimeout,Erro: ReadTimeout,Erro: ReadTimeout,Erro: ReadTimeout,Erro: ReadTimeout,Erro: ReadTimeout,Erro: ReadTimeout,Erro: ReadTimeout,Erro: ReadTimeout,Erro: ReadTimeout,Erro: ReadTimeout,Erro: ReadTimeout,Erro: ReadTimeout,Erro: ReadTimeout,Erro: ReadTimeout,Erro: ReadTimeout,Erro: ReadTimeout,Erro: ReadTimeout
8f4f887b-17b2-4624-8026-b795ea62d805,Erro: ReadTimeout,Erro: ReadTimeout,Erro: ReadTimeout,Erro: ReadTimeout,Erro: ReadTimeout,Erro: ReadTimeout,Erro: ReadTimeout,Erro: ReadTimeout,Erro: ReadTimeout,Erro: ReadTimeout,Erro: ReadTimeout,Erro: ReadTimeout,Erro: ReadTimeout,Erro: ReadTimeout,Erro: ReadTimeout,Erro: ReadTimeout,Erro: ReadTimeout,Erro: ReadTimeout,Erro: ReadTimeout,Erro: ReadTimeout,Erro: ReadTimeout,Erro: ReadTimeout,Erro: ReadTimeout
bd82ecda-dbb7-486d-8953-2d56651aa0ef,Erro: ReadTimeout,Erro: ReadTimeout,Erro: ReadTimeout,Erro: ReadTimeout,Erro: ReadTimeout,Erro: ReadTimeout,Erro: ReadTimeout,Erro: ReadTimeout,Erro: ReadTimeout,Erro: ReadTimeout,Erro: ReadTimeout,Erro: ReadTimeout,Erro: ReadTimeout,Erro: ReadTimeout,Erro: ReadTimeout,Erro: ReadTimeout,Erro: ReadTimeout,Erro: ReadTimeout,Erro: ReadTimeout,Erro: ReadTimeout,Erro: ReadTimeout,Erro: ReadTimeout,Erro: ReadTimeout
local-1762862538313,Erro: ReadTimeout,Erro: ReadTimeout,Erro: ReadTimeout,Erro: ReadTimeout,Erro HTTP 404,Erro HTTP 404,Erro HTTP 404,Erro HTTP 404,Erro: ReadTimeout,Erro: ReadTimeout,Erro: ReadTimeout,Erro: ReadTimeout,Erro: ReadTimeout,Erro: ReadTimeout,Erro: ReadTimeout,Erro: ReadTimeout,Erro: ReadTimeout,Erro: ReadTimeout,Erro: ReadTimeout,Erro: ReadTimeout,Erro: ReadTimeout,Erro: ReadTimeout,Erro: ReadTimeout
local-1762862692708,Erro: ReadTimeout,Erro: ReadTimeout,Erro: ReadTimeout,Erro: ReadTimeout,Erro HTTP 404,Erro HTTP 404,Erro HTTP 404,Erro HTTP 404,Erro: ReadTimeout,Erro: ReadTimeout,Erro: ReadTimeout,Erro: ReadTimeout,Erro: ReadTimeout,Erro: ReadTimeout,Erro HTTP 404,Erro HTTP 404,Erro: ReadTimeout,Erro: ReadTimeout,Erro: ReadTimeout,Erro: ReadTimeout,Erro: ReadTimeout,Erro: ReadTimeout,Erro HTTP 404
local-1762862577496,Erro: ReadTimeout,Erro: ReadTimeout,Erro: ReadTimeout,Erro: ReadTimeout,Erro: ReadTimeout,Erro HTTP 404,Erro HTTP 404,Erro HTTP 404,Erro: ReadTimeout,Erro: ReadTimeout,Erro: ReadTimeout,Erro: ReadTimeout,Erro: ReadTimeout,Erro HTTP 404,Erro: ReadTimeout,Erro: ReadTimeout,Erro: ReadTimeout,Erro: ReadTimeout,Erro: ReadTimeout,Erro: ReadTimeout,Erro: ReadTimeout,Erro HTTP 404,Erro HTTP 404
